Name,Year,Rating,Review,tmdb_id,tmdb_title,original_title,release_date,overview,genres,director,cast,keywords,runtime,popularity,vote_average,vote_count,poster_url,tmdb_match
The Usual Suspects,1995,5.0,,629.0,The Usual Suspects,The Usual Suspects,1995-07-19,"Held in an L.A. interrogation room, Verbal Kint attempts to convince the feds that a mythic crime lord, Keyser Soze, not only exists, but was also responsible for drawing him and his four partners into a multi-million dollar heist that ended with an explosion in San Pedro harbor – leaving few survivors. Verbal lures his interrogators with an incredible story of the crime lord's almost supernatural prowess.","['Drama', 'Crime', 'Thriller']",Bryan Singer,"['Stephen Baldwin', 'Gabriel Byrne', 'Benicio del Toro', 'Kevin Pollak', 'Kevin Spacey']","['new york city', 'robbery', 'relatives', 'heist', 'flashback', 'police corruption', 'whodunit', 'los angeles, california', 'theft', 'criminal', 'criminal mastermind', 'cargo ship', 'mind game', 'neo-noir', 'mystery villain', 'intense', 'excited', 'rashomon effect']",106.0,16.5519,8.165,11679.0,https://image.tmdb.org/t/p/w500/99X2SgyFunJFXGAYnDv3sb9pnUD.jpg,True
Good Will Hunting,1997,5.0,,489.0,Good Will Hunting,Good Will Hunting,1997-12-05,"Will Hunting is a headstrong, working-class genius who is failing the lessons of life. After one too many run-ins with the law, Will's last chance is a psychology professor, who might be the only man who can reach him.",['Drama'],Gus Van Sant,"['Matt Damon', 'Robin Williams', 'Ben Affleck', 'Stellan Skarsgård', 'Minnie Driver']","['boston, massachusetts', 'mathematics', 'genius', 'male friendship', 'flashback', 'psychologist', 'janitor', 'dating', 'courtroom', 'group of friends', 'southie', 'college professor', 'prodigy', 'math genius', 'foster kid', 'fear of change', 'witty', 'admiring', 'abused as a child', 'massachusetts institute of technology (mit)', 'math professor']",127.0,26.6417,8.165,14224.0,https://image.tmdb.org/t/p/w500/z2FnLKpFi1HPO7BEJxdkv6hpJSU.jpg,True
Scream,1996,5.0,The perfect most re-watchable movie I can't believe there are still people out there who haven't seen it,4232.0,Scream,Scream,1996-12-20,"A year after the murder of her mother, a teenage girl is terrorized by a masked killer who targets her and her friends by using scary movies as part of a deadly game.","['Crime', 'Horror', 'Mystery']",Wes Craven,"['Neve Campbell', 'Skeet Ulrich', 'Rose McGowan', 'Matthew Lillard', 'David Arquette']","['high school', 'small town', 'california', 'riddle', 'killing', 'halloween', 'house party', 'serial killer', 'school', 'slasher', 'whodunit', 'killing spree', 'phone', 'tabloid', 'news reporter', 'self-referential', 'crime spree', 'halloween costume', 'young adult', 'teenager']",112.0,18.1415,7.431,8185.0,https://image.tmdb.org/t/p/w500/lr9ZIrmuwVmZhpZuTCW8D9g0ZJe.jpg,True
A Few Good Men,1992,5.0,,881.0,A Few Good Men,A Few Good Men,1992-12-11,"When cocky military lawyer Lt. Daniel Kaffee and his co-counsel, Lt. Cmdr. JoAnne Galloway, are assigned to a murder case, they uncover a hazing ritual that could implicate high-ranking officials such as shady Col. Nathan Jessep.",['Drama'],Rob Reiner,"['Tom Cruise', 'Jack Nicholson', 'Demi Moore', 'Kevin Bacon', 'Kiefer Sutherland']","['underdog', 'dying and death', 'suicide', 'navy', 'right and justice', 'court case', 'suspicion of murder', 'guantanamo bay', 'marine corps', 'military court', 'code red', 'command', 'military base', 'u.s. navy', 'sexism', 'based on play or musical', 'flashback', 'court martial', 'platoon leader', 'military law', 'legal thriller']",138.0,11.3298,7.557,4292.0,https://image.tmdb.org/t/p/w500/rLOk4z9zL1tTukIYV56P94aZXKk.jpg,True
No Country for Old Men,2007,5.0,,6977.0,No Country for Old Men,No Country for Old Men,2007-11-09,"Llewelyn Moss stumbles upon dead bodies, $2 million and a hoard of heroin in a Texas desert, but methodical killer Anton Chigurh comes looking for it, with local sheriff Ed Tom Bell hot on his trail. The roles of prey and predator blur as the violent pursuit of money and justice collide.","['Crime', 'Thriller', 'Western']",Joel Coen,"['Javier Bardem', 'Tommy Lee Jones', 'Josh Brolin', 'Woody Harrelson', 'Kelly Macdonald']","['vietnam veteran', 'sheriff', 'trailer park', 'based on novel or book', 'hitman', 'psychopath', 'drug trafficking', 'texas', 'motel', 'usa–mexico border', 'drug cartel', 'fate', 'desert', 'modern-day western', 'neo-western', 'tracking device', 'cold blooded killer', 'motel room', 'cartel', 'neo-noir', '1980s', 'mexican cartel', 'drug deal', 'coin toss', 'human nature', 'captive bolt gun', 'western noir', 'horror western', 'faithful adaptation']",122.0,20.9484,7.95,13695.0,https://image.tmdb.org/t/p/w500/6d5XOczc226jECq0LIX0siKtgHR.jpg,True
Apocalypse Now,1979,5.0,,28.0,Apocalypse Now,Apocalypse Now,1979-05-19,"At the height of the Vietnam war, Captain Benjamin Willard is sent on a dangerous mission that, officially, ""does not exist, nor will it ever exist."" His goal is to locate - and eliminate - a mysterious Green Beret Colonel named Walter Kurtz, who has been leading his personal army on illegal guerrilla missions into enemy territory.","['Drama', 'War']",Francis Ford Coppola,"['Martin Sheen', 'Marlon Brando', 'Frederic Forrest', 'Albert Hall', 'Laurence Fishburne']","['guerrilla warfare', 'vietnam war', 'journalist', 'mission', 'vietnam', 'vietcong', 'central intelligence agency (cia)', 'cambodia', 'army', 'drug abuse', 'based on novel or book', 'secret mission', 'insanity', 'surrealism', 'tribe', 'green beret', 'jungle', 'descent into madness', 'brutality', 'riverboat', 'military', 'macabre', 'anti war', 'absurd', 'awestruck', 'distressing']",147.0,22.7101,8.262,9325.0,https://image.tmdb.org/t/p/w500/gQB8Y5RCMkv2zwzFHbUJX3kAhvA.jpg,True
Reservoir Dogs,1992,5.0,,500.0,Reservoir Dogs,Reservoir Dogs,1992-09-02,"A botched robbery indicates a police informant, and the pressure mounts in the aftermath at a warehouse. Crime begets violence as the survivors -- veteran Mr. White, newcomer Mr. Orange, psychopathic parolee Mr. Blonde, bickering weasel Mr. Pink and Nice Guy Eddie -- unravel.","['Crime', 'Thriller']",Quentin Tarantino,"['Harvey Keitel', 'Tim Roth', 'Michael Madsen', 'Chris Penn', 'Steve Buscemi']","['escape', 'jewelry', 'psychopath', 'traitor', 'ear', 'heist', 'thief', 'betrayal', 'plan gone wrong', 'gang', 'nonlinear timeline', 'warehouse', 'told in flashback', 'heist gone wrong', 'botched robbery', 'angry', 'desperate', 'based on short film', 'suspenseful', 'antagonistic']",99.0,15.2567,8.111,15767.0,https://image.tmdb.org/t/p/w500/xi8Iu6qyTfyZVDVy60raIOYJJmk.jpg,True
The Grand Budapest Hotel,2014,5.0,,120467.0,The Grand Budapest Hotel,The Grand Budapest Hotel,2014-02-26,"The Grand Budapest Hotel tells of a legendary concierge at a famous European hotel between the wars and his friendship with a young employee who becomes his trusted protégé. The story involves the theft and recovery of a priceless Renaissance painting, the battle for an enormous family fortune and the slow and then sudden upheavals that transformed Europe during the first half of the 20th century.","['Comedy', 'Drama']",Wes Anderson,"['Ralph Fiennes', 'F. Murray Abraham', 'Tony Revolori', 'Adrien Brody', 'Willem Dafoe']","['hotel', 'painting', 'wartime', 'eastern europe', 'author', 'gunfight', 'theft', 'period drama', 'bellhop \xa0', 'mentor protégé relationship', 'european', 'hotel lobby', 'renaissance painting', '1960s', '1930s', 'hilarious']",100.0,17.9387,8.025,16435.0,https://image.tmdb.org/t/p/w500/eWdyYQreja6JGCzqHWXpWHDrrPo.jpg,True
The Prestige,2006,4.5,,1124.0,The Prestige,The Prestige,2006-10-19,"A mysterious story of two magicians whose intense rivalry leads them on a life-long battle for supremacy -- full of obsession, deceit and jealousy with dangerous and deadly consequences.","['Drama', 'Mystery', 'Science Fiction']",Christopher Nolan,"['Hugh Jackman', 'Christian Bale', 'Michael Caine', 'Piper Perabo', 'Rebecca Hall']","['dying and death', 'suicide', 'class society', 'london, england', 'based on novel or book', 'magic', 'competition', 'obsession', 'hostility', 'class', 'diary', 'twist', 'tricks', 'illusion', 'rivalry', 'partner', 'steampunk', 'cruelty', 'hanging', 'jail cell', '19th century', 'nikola tesla', 'magician', 'tesla coil', 'bittersweet', 'secret', 'mind-blowing']",130.0,22.5606,8.211,18039.0,https://image.tmdb.org/t/p/w500/Ag2B2KHKQPukjH7WutmgnnSNurZ.jpg,True
Inglourious Basterds,2009,4.0,,16869.0,Inglourious Basterds,Inglourious Basterds,2009-08-02,"In Nazi-occupied France during World War II, a group of Jewish-American soldiers known as ""The Basterds"" are chosen specifically to spread fear throughout the Third Reich by scalping and brutally killing Nazis. The Basterds, lead by Lt. Aldo Raine soon cross paths with a French-Jewish teenage girl who runs a movie theater in Paris which is targeted by the soldiers.","['Drama', 'Thriller', 'War']",Quentin Tarantino,"['Brad Pitt', 'Mélanie Laurent', 'Christoph Waltz', 'Eli Roth', 'Michael Fassbender']","['guerrilla warfare', 'paris, france', 'self sacrifice', 'world war ii', 'jew persecution', 'german occupation of france', 'resistance fighter', 'nazism', 'anti-fascism', 'amused', 'derisive']",153.0,27.1573,8.218,24676.0,https://image.tmdb.org/t/p/w500/aupnPtagH9JVBuMrGEanf4iqXEQ.jpg,True
There Will Be Blood,2007,4.0,,7345.0,There Will Be Blood,There Will Be Blood,2007-12-26,"Ruthless silver miner, turned oil prospector, Daniel Plainview, moves to oil-rich California. Using his son to project a trustworthy, family-man image, Plainview cons local landowners into selling him their valuable properties for a pittance. However, local preacher Eli Sunday suspects Plainview's motives and intentions, starting a slow-burning feud that threatens both their lives.",['Drama'],Paul Thomas Anderson,"['Daniel Day-Lewis', 'Paul Dano', ""Kevin J. O'Connor"", 'Ciarán Hinds', 'Dillon Freasier']","['california', 'petrol', 'sibling relationship', 'based on novel or book', 'capitalism', 'pastor', 'deaf-mute', 'greed', 'american dream', 'narcissism', 'fanatic', 'father', 'baptism', 'misanthrophy', 'money', 'oil', 'religion', 'impostor', 'church', 'alcoholic', 'oil industry', 'child abandonment', 'character study', 'zealot', 'bowling alley', 'sign languages', 'oil field', 'turn of the century', '19th century', 'adopted son', '1900s', 'personality change', 'pipeline', '20th century', '1890s', 'commanding', 'exhilarated']",158.0,17.3187,8.064,7660.0,https://image.tmdb.org/t/p/w500/fa0RDkAlCec0STeMNAhPaF89q6U.jpg,True
Fight Club,1999,4.0,,550.0,Fight Club,Fight Club,1999-10-15,"A ticking-time-bomb insomniac and a slippery soap salesman channel primal male aggression into a shocking new form of therapy. Their concept catches on, with underground ""fight clubs"" forming in every town, until an eccentric gets in the way and ignites an out-of-control spiral toward oblivion.","['Drama', 'Thriller']",David Fincher,"['Edward Norton', 'Brad Pitt', 'Helena Bonham Carter', 'Meat Loaf', 'Jared Leto']","['dual identity', 'rage and hate', 'based on novel or book', 'nihilism', 'fight', 'support group', 'dystopia', 'insomnia', 'alter ego', 'breaking the fourth wall', 'split personality', 'quitting a job', 'dissociative identity disorder', 'self destructiveness']",139.0,45.6093,8.437,32755.0,https://image.tmdb.org/t/p/w500/jSziioSwPVrOy9Yow3XhWIBDjq1.jpg,True
Parasite,2019,4.5,Near perfect movie every time I watch,496243.0,Parasite,기생충,2019-05-30,"All unemployed, Ki-taek's family takes peculiar interest in the wealthy and glamorous Parks for their livelihood until they get entangled in an unexpected incident.","['Comedy', 'Thriller', 'Drama']",Bong Joon Ho,"['Song Kang-ho', 'Lee Sun-kyun', 'Cho Yeo-jeong', 'Choi Woo-shik', 'Park So-dam']","['dark comedy', 'con artist', 'social commentary', 'working class', 'infiltration', 'psychological thriller', 'class differences', 'family', 'unemployed', 'domestic worker', 'wealthy family', 'south korea', 'introspective', 'caste violence', 'seoul, south korea', 'anti-capitalist']",133.0,35.5206,8.491,21213.0,https://image.tmdb.org/t/p/w500/7IiTTgloJzvGI1TAYymCfbfl3vT.jpg,True
The Shawshank Redemption,1994,4.5,,278.0,The Shawshank Redemption,The Shawshank Redemption,1994-09-23,"Imprisoned in the 1940s for the double murder of his wife and her lover, upstanding banker Andy Dufresne begins a new life at the Shawshank prison, where he puts his accounting skills to work for an amoral warden. During his long stretch in prison, Dufresne comes to be admired by the other inmates -- including an older prisoner named Red -- for his integrity and unquenchable sense of hope.","['Drama', 'Crime']",Frank Darabont,"['Tim Robbins', 'Morgan Freeman', 'Bob Gunton', 'William Sadler', 'Clancy Brown']","['prison', 'friendship', 'police brutality', 'corruption', 'based on novel or book', 'freedom', 'hope', 'prison cell', 'delinquent', 'redemption', 'parole board', 'prison escape', 'wrongful imprisonment', 'interracial friendship', 'framed for murder', '1940s', 'voiceover', 'epic']",142.0,101.1313,8.729,31196.0,https://image.tmdb.org/t/p/w500/9cqNxx0GxF0bflZmeSMuL5tnGzr.jpg,True
Whiplash,2014,4.0,,244786.0,Whiplash,Whiplash,2014-10-10,"Under the direction of a ruthless instructor, a talented young drummer begins to pursue perfection at any cost, even his humanity.","['Drama', 'Music', 'Thriller']",Damien Chazelle,"['Miles Teller', 'J.K. Simmons', 'Paul Reiser', 'Melissa Benoist', 'Austin Stowell']","['new york city', 'jazz', 'musician', 'obsession', 'music teacher', 'conservatory', 'drums', 'montage', 'perfectionist', 'public humiliation', 'jazz band', 'angry', 'aggressive', 'young adult', 'music school', 'verbal abuse', 'emotional abuse', 'anxious', 'based on short film', 'psychological drama', 'romantic', 'bold', 'disapproving', 'enraged', 'drummer']",107.0,37.6855,8.375,17016.0,https://image.tmdb.org/t/p/w500/7fn624j5lj3xTme2SgiLCeuedmO.jpg,True
One Flew Over the Cuckoo's Nest,1975,4.0,,510.0,One Flew Over the Cuckoo's Nest,One Flew Over the Cuckoo's Nest,1975-11-19,"A petty criminal fakes insanity to serve his sentence in a mental ward rather than prison. He soon finds himself as a leader to the other patients—and an enemy to the cruel, domineering nurse who runs the ward.",['Drama'],Miloš Forman,"['Jack Nicholson', 'Brad Dourif', 'Louise Fletcher', 'Danny DeVito', 'William Redfield']","['mentally disabled', 'friendship', 'based on novel or book', 'nurse', 'lunatic asylum', 'affectation', 'insane asylum', 'oregon, usa', 'hospital', 'medication', 'female villain', 'shock treatment', 'medical drama', 'psychological drama', 'brisk', 'derisive', 'informative']",135.0,20.8389,8.406,11696.0,https://image.tmdb.org/t/p/w500/kjWsMh72V6d8KRLV4EOoSJLT1H7.jpg,True
The Silence of the Lambs,1991,4.0,,274.0,The Silence of the Lambs,The Silence of the Lambs,1991-02-14,"Clarice Starling is a top student at the FBI's training academy.  Jack Crawford wants Clarice to interview Dr. Hannibal Lecter, a brilliant psychiatrist who is also a violent psychopath, serving life behind bars for various acts of murder and cannibalism.  Crawford believes that Lecter may have insight into a case and that Starling, as an attractive young woman, may be just the bait to draw him out.","['Crime', 'Thriller', 'Drama']",Jonathan Demme,"['Jodie Foster', 'Anthony Hopkins', 'Scott Glenn', 'Ted Levine', 'Anthony Heald']","['prison', 'based on novel or book', 'kidnapping', 'psychopath', 'fbi', 'scientific study', 'murder', 'serial killer', 'psychological thriller', 'brutality', 'cannibal', 'psychiatrist', 'biting', 'moth', 'virginia', 'macabre', 'disturbed', 'neo-noir', 'twisted', 'skinning', 'cannibalism', 'psychological horror', 'hannibal lecter', 'past history', 'psychological profiling', 'crime thriller', 'crime horror']",119.0,6.5637,8.345,18413.0,https://image.tmdb.org/t/p/w500/uS9m8OBk1A8eM9I042bx8XXpqAq.jpg,True
Se7en,1995,3.5,,807.0,Se7en,Se7en,1995-09-22,"Two homicide detectives are on a desperate hunt for a serial killer whose crimes are based on the ""seven deadly sins"" in this dark and haunting film that takes viewers from the tortured remains of one victim to the next. The seasoned Det. Somerset researches each sin in an effort to get inside the killer's mind, while his novice partner, Mills, scoffs at his efforts to unravel the case.","['Crime', 'Mystery', 'Thriller']",David Fincher,"['Morgan Freeman', 'Brad Pitt', 'Gwyneth Paltrow', 'John Cassini', 'Peter Crombie']","['rage and hate', 'police', 's.w.a.t.', 'sadism', 'self-fulfilling prophecy', 'psychopath', 'detective', 'investigation', 'insomnia', 'murder', 'serial killer', 'religion', 'shootout', 'corpse', 'seven deadly sins', 'depravity', 'neo-noir', 'urban gothic', 'grimdark', 'seven: los siete pecados capitales']",127.0,35.3808,8.38,23678.0,https://image.tmdb.org/t/p/w500/191nKfP0ehp3uIvWqgPbFmI4lv9.jpg,True
Django Unchained,2012,3.5,,68718.0,Django Unchained,Django Unchained,2012-12-25,"With the help of a German bounty hunter, a freed slave sets out to rescue his wife from a brutal Mississippi plantation owner.","['Drama', 'Western']",Quentin Tarantino,"['Jamie Foxx', 'Christoph Waltz', 'Leonardo DiCaprio', 'Kerry Washington', 'Samuel L. Jackson']","['rescue', 'friendship', 'bounty hunter', 'ku klux klan', 'texas', 'slavery', 'plantation', 'revenge', 'racism', 'slave trade', 'black slave', '19th century', 'white supremacy', 'deep south', 'old west', 'mississippi']",165.0,28.1786,8.193,28520.0,https://image.tmdb.org/t/p/w500/7oWY8VDWW7thTzWh3OKYRkWUlD5.jpg,True
Saving Private Ryan,1998,3.5,,857.0,Saving Private Ryan,Saving Private Ryan,1998-07-24,"As U.S. troops storm the beaches of Normandy, three brothers lie dead on the battlefield, with a fourth trapped behind enemy lines. Ranger captain John Miller and seven men are tasked with penetrating German-held territory and bringing the boy home.","['War', 'Drama', 'History']",Steven Spielberg,"['Tom Hanks', 'Tom Sizemore', 'Edward Burns', 'Barry Pepper', 'Adam Goldberg']","['dying and death', 'self sacrifice', 'bravery', 'world war ii', 'duty', 'normandy, france', 'troops', 'waffen ss', 'omaha beach', 'rescue mission', 'cowardice', 'us army', 'based on true story', 'd-day', 'military', 'german soldier', 'military operation', '1940s']",169.0,28.3821,8.233,17692.0,https://image.tmdb.org/t/p/w500/uqx37cS8cpHg8U35f9U5IBlrCV3.jpg,True
Moonlight,2016,4.5,,376867.0,Moonlight,Moonlight,2016-10-21,"The tender, heartbreaking story of a young man’s struggle to find himself, told across three defining chapters in his life as he experiences the ecstasy, pain, and beauty of falling in love, while grappling with his own sexuality.",['Drama'],Barry Jenkins,"['Trevante Rhodes', 'André Holland', 'Janelle Monáe', 'Ashton Sanders', 'Jharrel Jerome']","['drug dealer', 'high school', 'florida', 'drug abuse', 'miami, florida', 'parent child relationship', 'fight', 'homophobia', 'drug addiction', 'ghetto', 'restaurant', 'bullying', 'coming of age', 'male homosexuality', 'lgbt', 'addict', 'masculinity', 'black lgbt', 'atlanta, georgia', 'gay theme', ""boys' love (bl)""]",111.0,14.0094,7.355,7663.0,https://image.tmdb.org/t/p/w500/qLnfEmPrDjJfPyyddLJPkXmshkp.jpg,True
Full Metal Jacket,1987,4.5,,600.0,Full Metal Jacket,Full Metal Jacket,1987-06-26,A pragmatic U.S. Marine observes the dehumanizing effects the U.S.-Vietnam War has on his fellow recruits from their brutal boot camp training to the bloody street fighting in Hue.,"['Drama', 'War']",Stanley Kubrick,"['Matthew Modine', 'Adam Baldwin', ""Vincent D'Onofrio"", 'R. Lee Ermey', 'Dorian Harewood']","['rescue', 'sniper', 'vietnam war', 'suicide', 'vietnam', 'helicopter', 'army', 'prostitute', 'based on novel or book', 'propaganda', 'war correspondent', 'journalism', 'recruit', 'infantry', 'war photographer', 'boot camp', 'jungle', 'sergeant', 'racism', 'genocide', 'fighting', 'platoon', 'combat', 'discipline', 'u.s. marine', 'obstacle course', 'military', 'anti war', 'mass grave', 'blanket party', 'soldiers', 'war', 'critical', 'frustrated', 'harsh', 'scathing']",117.0,15.8115,8.119,11702.0,https://image.tmdb.org/t/p/w500/kMKyx1k8hWWscYFnPbnxxN4Eqo4.jpg,True
The Menu,2022,3.0,,593643.0,The Menu,The Menu,2022-11-17,"A young couple travels to a remote island to eat at an exclusive restaurant where the chef has prepared a lavish menu, with some shocking surprises.","['Comedy', 'Horror']",Mark Mylod,"['Anya Taylor-Joy', 'Ralph Fiennes', 'Nicholas Hoult', 'Janet McTeer', 'Paul Adelstein']","['psychopath', 'obsession', 'mass murder', 'restaurant', 'dark comedy', 'revenge', 'food', 'mass suicide', 'dinner', 'chef', 'food critic', 'remote island', 'french cuisine', 'culinary arts', 'fine dining', 'haute cuisine', 'commanding', 'pessimistic', 'foodies', 'murder-suicide', 'exclusive']",107.0,17.8663,7.182,6580.0,https://image.tmdb.org/t/p/w500/fPtUgMcLIboqlTlPrq0bQpKK8eq.jpg,True
Knives Out,2019,3.5,,546554.0,Knives Out,Knives Out,2019-11-27,"When renowned crime novelist Harlan Thrombey is found dead at his estate just after his 85th birthday, the inquisitive and debonair Detective Benoit Blanc is mysteriously enlisted to investigate. From Harlan's dysfunctional family to his devoted staff, Blanc sifts through a web of red herrings and self-serving lies to uncover the truth behind Harlan's untimely death.","['Comedy', 'Crime', 'Mystery']",Rian Johnson,"['Daniel Craig', 'Chris Evans', 'Ana de Armas', 'Jamie Lee Curtis', 'Michael Shannon']","['immigrant', 'detective', 'massachusetts', 'investigation', 'big family', 'mansion', 'whodunit', 'family home', 'murder mystery', 'neo-noir', 'privilege', 'excited']",131.0,25.5302,7.843,14418.0,https://image.tmdb.org/t/p/w500/pThyQovXQrw2m0s9x82twj48Jq4.jpg,True
Joker,2019,4.0,,475557.0,Joker,Joker,2019-10-01,"During the 1980s, a failed stand-up comedian is driven insane and turns to a life of crime and chaos in Gotham City while becoming an infamous psychopathic crime figure.","['Crime', 'Thriller', 'Drama']",Todd Phillips,"['Joaquin Phoenix', 'Robert De Niro', 'Zazie Beetz', 'Frances Conroy', 'Brett Cullen']","['society', 'based on comic', 'social commentary', 'psychological thriller', 'criminal mastermind', 'mental illness', 'anarchy', 'character study', 'clown makeup', 'outsider', 'prophetic', 'social realism', 'tv host', '1980s', 'mother son relationship', 'origin story', 'falling into madness', 'anti-capitalist']",122.0,33.1573,8.117,28216.0,https://image.tmdb.org/t/p/w500/udDclJoHjfjb8Ekgsd4FDteOkCU.jpg,True
Midsommar,2019,4.0,,530385.0,Midsommar,Midsommar,2019-07-03,"Several friends travel to Sweden to study as anthropologists a summer festival that is held every ninety years in the remote hometown of one of them. What begins as a dream vacation in a place where the sun never sets, gradually turns into a dark nightmare as the mysterious inhabitants invite them to participate in their disturbing festive activities.","['Horror', 'Drama', 'Mystery']",Ari Aster,"['Florence Pugh', 'Jack Reynor', 'William Jackson Harper', 'Will Poulter', 'Vilhelm Blomgren']","['loss of loved one', 'ritual', 'paranoia', 'sweden', 'cult', 'hallucinogenic drug', 'magic mushroom', 'anthropology', 'human sacrifice', 'paganism', 'death of family', 'boyfriend girlfriend relationship', 'grieving', 'midsummer', 'cultural conflict', 'bad trip', 'folk horror', 'psychological disorders', 'toxic relationship', 'midnight sun', 'isolated community', 'summer festival', 'traumatized woman', 'violence']",147.0,23.8179,7.145,8361.0,https://image.tmdb.org/t/p/w500/7LEI8ulZzO5gy9Ww2NVCrKmHeDZ.jpg,True
Lady Bird,2017,3.5,,391713.0,Lady Bird,Lady Bird,2017-09-01,"Lady Bird McPherson, a strong willed, deeply opinionated, artistic 17 year old comes of age in Sacramento. Her relationship with her mother and her upbringing are questioned and tested as she plans to head off to college.","['Drama', 'Comedy']",Greta Gerwig,"['Saoirse Ronan', 'Laurie Metcalf', 'Tracy Letts', 'Lucas Hedges', 'Timothée Chalamet']","['friendship', 'loss of virginity', 'coming of age', 'teen angst', 'high school graduation', 'teenage girl', 'best friend', 'loss of job', 'high school student', 'catholic school', 'first love', 'semi autobiographical', 'sacramento', 'woman director', 'father daughter relationship', 'mother daughter relationship', 'college applications', '2000s', 'inspirational']",94.0,12.8389,7.248,9146.0,https://image.tmdb.org/t/p/w500/gl66K7zRdtNYGrxyS2YDUP5ASZd.jpg,True
Get Out,2017,4.0,,419430.0,Get Out,Get Out,2017-02-24,"Chris and his girlfriend Rose go upstate to visit her parents for the weekend. At first, Chris reads the family's overly accommodating behavior as nervous attempts to deal with their daughter's interracial relationship, but as the weekend progresses, a series of increasingly disturbing discoveries lead him to a truth that he never could have imagined.","['Mystery', 'Thriller', 'Horror']",Jordan Peele,"['Daniel Kaluuya', 'Allison Williams', 'Catherine Keener', 'Bradley Whitford', 'Caleb Landry Jones']","['kidnapping', 'externally controlled action', 'manipulation', 'dark comedy', 'hypnosis', 'parents-in-law', 'satire', 'racist', 'revenge', 'interracial relationship', 'disappearance', 'racism', 'psychological thriller', 'neurosurgeon', 'missing person', 'stereotype', 'brain surgery', 'race-conscious', 'horrified']",104.0,20.5852,7.625,19260.0,https://image.tmdb.org/t/p/w500/tFXcEccSQMf3lfhfXKSU9iRBpa3.jpg,True
La La Land,2016,4.0,,313369.0,La La Land,La La Land,2016-12-01,"Mia, an aspiring actress, serves lattes to movie stars in between auditions and Sebastian, a jazz musician, scrapes by playing cocktail party gigs in dingy bars, but as success mounts they are faced with decisions that begin to fray the fragile fabric of their love affair, and the dreams they worked so hard to maintain in each other threaten to rip them apart.","['Comedy', 'Drama', 'Romance']",Damien Chazelle,"['Ryan Gosling', 'Emma Stone', 'John Legend', 'Rosemarie DeWitt', 'Finn Wittrock']","['dancing', 'dance', 'jazz', 'musical', 'ambition', 'casting', 'romcom', 'coffee shop', 'jazz club', 'traffic jam', 'hollywood', 'los angeles, california', 'pianist', 'pier', 'audition', ""valentine's day"", 'planetarium', 'aspiring actor', 'movie set', 'sunset', 'one-woman show', 'pool party', 'complex', 'griffith observatory', 'bold', 'exuberant']",129.0,22.5766,7.897,18417.0,https://image.tmdb.org/t/p/w500/uDO8zWDhfWwoFdKS4fzkUJt0Rf0.jpg,True
Interstellar,2014,3.5,,157336.0,Interstellar,Interstellar,2014-11-05,The adventures of a group of explorers who make use of a newly discovered wormhole to surpass the limitations on human space travel and conquer the vast distances involved in an interstellar voyage.,"['Adventure', 'Drama', 'Science Fiction']",Christopher Nolan,"['Matthew McConaughey', 'Anne Hathaway', 'Michael Caine', 'Jessica Chastain', 'Casey Affleck']","['spacecraft', 'race against time', 'artificial intelligence (a.i.)', 'nasa', 'time warp', 'dystopia', 'expedition', 'time travel', 'space travel', 'wormhole', 'famine', 'hibernation', 'black hole', 'quantum mechanics', 'family relationships', 'space', 'planet', 'astronaut', 'scientist', 'single father', 'space station', 'gravity', 'space adventure', 'time-manipulation', 'cryonics', 'father daughter relationship', '2060s', 'audacious', 'enthusiastic']",169.0,62.6754,8.486,40991.0,https://image.tmdb.org/t/p/w500/yQvGrMoipbRoddT0ZR8tPoR7NfX.jpg,True
Gone Girl,2014,3.5,,210577.0,Gone Girl,Gone Girl,2014-10-01,"With his wife's disappearance having become the focus of an intense media circus, a man sees the spotlight turned on him when it's suspected that he may not be innocent.","['Mystery', 'Thriller', 'Drama']",David Fincher,"['Ben Affleck', 'Rosamund Pike', 'Neil Patrick Harris', 'Tyler Perry', 'Carrie Coon']","['infidelity', 'based on novel or book', 'wife', 'marriage crisis', 'investigation', 'disappearance', 'psychological thriller', 'whodunit', 'cynical', 'missing person', 'search party', 'criminal lawyer', 'murder suspect', 'missing wife', 'perspective', 'manipulative woman', 'toxic relationship', 'revenge thriller', 'killed during sex', 'hate', 'controlling wife']",149.0,28.4096,7.889,20329.0,https://image.tmdb.org/t/p/w500/ts996lKsxvjkO2yiYG0ht4qAicO.jpg,True
The Wolf of Wall Street,2013,3.0,,106646.0,The Wolf of Wall Street,The Wolf of Wall Street,2013-12-25,"A New York stockbroker refuses to cooperate in a large securities fraud case involving corruption on Wall Street, corporate banking world and mob infiltration. Based on Jordan Belfort's autobiography.","['Crime', 'Drama', 'Comedy']",Martin Scorsese,"['Leonardo DiCaprio', 'Jonah Hill', 'Margot Robbie', 'Matthew McConaughey', 'Kyle Chandler']","['corruption', 'based on novel or book', 'drug addiction', 'anti hero', 'con man', 'fraud', 'wall street', 'biography', 'based on true story', 'rise and fall', 'con artist', 'money', 'stockbroker', 'wealthy', 'drugs', 'stripping', 'hedonism', 'decadence', 'corrupt', '1980s', 'sharemarket fraud', 'desire for fame', 'financial market', 'fame-seeking', 'black monday', 'based on real person', 'financial drama']",180.0,33.0197,8.027,26424.0,https://image.tmdb.org/t/p/w500/kW9LmvYHAaS9iA0tHmZVq8hQYoq.jpg,True
Inception,2010,3.5,,27205.0,Inception,Inception,2010-07-15,"Cobb, a skilled thief who commits corporate espionage by infiltrating the subconscious of his targets is offered a chance to regain his old life as payment for a task considered to be impossible: ""inception"", the implantation of another person's idea into a target's subconscious.","['Action', 'Science Fiction', 'Adventure']",Christopher Nolan,"['Leonardo DiCaprio', 'Joseph Gordon-Levitt', 'Ken Watanabe', 'Tom Hardy', 'Elliot Page']","['mission', 'dreams', 'kidnapping', 'spy', 'allegory', 'intellectual', 'manipulation', 'heist', 'memory', 'dream world', 'subconscious', 'incredulous', 'high concept', 'dream']",148.0,55.3421,8.372,40054.0,https://image.tmdb.org/t/p/w500/xlaY2zyzMfkhk0HSC5VUwzoZPU1.jpg,True
The Dark Knight,2008,4.0,,155.0,The Dark Knight,The Dark Knight,2008-07-16,"Batman raises the stakes in his war on crime. With the help of Lt. Jim Gordon and District Attorney Harvey Dent, Batman sets out to dismantle the remaining criminal organizations that plague the streets. The partnership proves to be effective, but they soon find themselves prey to a reign of chaos unleashed by a rising criminal mastermind known to the terrified citizens of Gotham as the Joker.","['Action', 'Crime', 'Thriller']",Christopher Nolan,"['Christian Bale', 'Heath Ledger', 'Aaron Eckhart', 'Michael Caine', 'Maggie Gyllenhaal']","['sadism', 'chaos', 'secret identity', 'crime fighter', 'superhero', 'anti hero', 'scarecrow', 'based on comic', 'vigilante', 'organized crime', 'tragic hero', 'anti villain', 'criminal mastermind', 'district attorney', 'super power', 'super villain', 'neo-noir', 'bold']",152.0,59.2765,8.534,36566.0,https://image.tmdb.org/t/p/w500/qJ2tW6WMUDux911r6m7haRef0WH.jpg,True
American Psycho,2000,3.5,,1359.0,American Psycho,American Psycho,2000-04-13,"A wealthy New York investment banking executive hides his alternate psychopathic ego from his co-workers and friends as he escalates deeper into his illogical, gratuitous fantasies.","['Thriller', 'Drama', 'Crime']",Mary Harron,"['Christian Bale', 'Justin Theroux', 'Josh Lucas', 'Bill Sage', 'Chloë Sevigny']","['new york city', 'based on novel or book', 'businessman', 'psychopath', 'dark comedy', 'satire', 'wall street', 'serial killer', 'chainsaw', 'big city', 'psychological thriller', 'character study', 'white collar', 'harvard business school', 'voice imitation', '1980s', 'american businessman', 'bloody', 'ambiguity', 'psychological horror', 'horror', 'horrified', 'instructive']",102.0,18.6877,7.403,12649.0,https://image.tmdb.org/t/p/w500/9uGHEgsiUXjCNq8wdq4r49YL8A1.jpg,True
The Truman Show,1998,3.5,,37165.0,The Truman Show,The Truman Show,1998-06-04,"In a picture-perfect seaside town, an insurance salesman begins to realize that his entire existence may be staged and observed by a vast unseen audience as part of a long-running real-time reality TV show.","['Comedy', 'Drama']",Peter Weir,"['Jim Carrey', 'Laura Linney', 'Noah Emmerich', 'Natascha McElhone', 'Holland Taylor']","['escape', 'paranoia', 'dystopia', 'dark comedy', 'suspicion', 'video surveillance', 'deception', 'hidden camera', 'simulated reality ', 'television producer', 'tv show in film', 'make believe', 'actor']",103.0,26.5911,8.157,20741.0,https://image.tmdb.org/t/p/w500/vuza0WqY239yBXOadKlGwJsZJFE.jpg,True
Pulp Fiction,1994,4.5,,680.0,Pulp Fiction,Pulp Fiction,1994-09-10,"A burger-loving hit man, his philosophical partner, a drug-addled gangster's moll and a washed-up boxer converge in this sprawling, comedic crime caper. Their adventures unfurl in three stories that ingeniously trip back and forth in time.","['Thriller', 'Crime', 'Comedy']",Quentin Tarantino,"['John Travolta', 'Samuel L. Jackson', 'Uma Thurman', 'Bruce Willis', 'Ving Rhames']","['drug dealer', 'drug crime', 'gangster', 'dark comedy', 'stolen money', 'crime boss', 'redemption', 'los angeles, california', 'theft', 'couple', 'nonlinear timeline', 'multiple storylines', 'disturbed', 'aggressive', 'neo-noir', 'suspenseful']",154.0,38.5587,8.48,30770.0,https://image.tmdb.org/t/p/w500/vQWk5YBFWF4bZaofAbv0tShwBvQ.jpg,True
The Shining,1980,4.0,Watched the longer version and thought the pacing was still great,694.0,The Shining,The Shining,1980-05-23,"Jack Torrance accepts a caretaker job at the Overlook Hotel, where he, along with his wife Wendy and their son Danny, must live isolated from the rest of the world for the winter. But they aren't prepared for the madness that lurks within.","['Horror', 'Thriller']",Stanley Kubrick,"['Jack Nicholson', 'Shelley Duvall', 'Danny Lloyd', 'Scatman Crothers', 'Barry Nelson']","['hotel', ""new year's eve"", 'child abuse', 'based on novel or book', 'isolation', 'telepathy', 'delusion', 'halloween', 'snowstorm', 'colorado', 'seclusion', 'surrealism', ""writer's block"", 'alcoholism', 'premonition', 'psychic power', 'caretaker', 'loneliness', 'vision', 'domestic violence', 'postmodern', 'psychological thriller', 'writer', 'twins', 'labyrinth', 'alcoholic', 'blizzard', 'mutilation', 'bloody body of child', 'extrasensory perception', 'motherhood', 'hypothermia', 'haunted hotel', 'psychological disintegration', 'disturbed', 'pediatrician', 'repetition', 'mother son relationship', 'supernatural power', 'new year', 'supernatural horror', 'ghost child', 'dreary', 'deal with the devil', 'nuclear family', 'avant garde', ""new year's party"", 'identical twins', 'ambiguous', 'comforting', 'frightened', 'subjective']",144.0,24.6765,8.2,19297.0,https://image.tmdb.org/t/p/w500/uAR0AWqhQL1hQa69UDEbb2rE5Wx.jpg,True
Almost Famous,2000,5.0,,786.0,Almost Famous,Almost Famous,2000-09-15,"In 1973, a precocious 15-year-old aspiring rock journalist lands a dream assignment from Rolling Stone to tour with a rising rock band, embarking on a coming-of-age journey as he discovers the exhilarating and heartbreaking realities behind rock stardom.","['Drama', 'Music']",Cameron Crowe,"['Billy Crudup', 'Frances McDormand', 'Kate Hudson', 'Jason Lee', 'Patrick Fugit']","['concert', ""rock 'n' roll"", 'drug addiction', 'groupie', 'music journalist', 'based on true story', 'coming of age', 'promiscuity', 'on the road', 'rock band', 'domineering mother', 'reconciliation', 'semi autobiographical', 'innocence lost', 'bus trip', 'aspiring writer', 'music tour', 'mischievous', 'cautionary', 'teenager', 'amused', 'celebratory', 'frustrated', 'powerful']",124.0,11.1225,7.505,3206.0,https://image.tmdb.org/t/p/w500/3rrkyLYbgLj84AYvjhdcJot4JPx.jpg,True
The Nice Guys,2016,3.5,,290250.0,The Nice Guys,The Nice Guys,2016-05-15,A private eye investigates the apparent suicide of a fading porn star in 1970s Los Angeles and uncovers a conspiracy.,"['Comedy', 'Crime', 'Action']",Shane Black,"['Russell Crowe', 'Ryan Gosling', 'Angourie Rice', 'Matt Bomer', 'Margaret Qualley']","['daughter', 'detective', '1970s', 'investigation', 'alcoholism', 'private investigator', 'conspiracy', 'whodunit', 'alcoholic', 'buddy cop', 'private eye', 'neo-noir', 'father daughter relationship', 'amused', 'vibrant', 'bumbling detective']",116.0,13.6126,7.133,8864.0,https://image.tmdb.org/t/p/w500/clq4So9spa9cXk3MZy2iMdqkxP2.jpg,True
The Martian,2015,3.5,,286217.0,The Martian,The Martian,2015-09-30,"During a manned mission to Mars, Astronaut Mark Watney is presumed dead after a fierce storm and left behind by his crew. But Watney has survived and finds himself stranded and alone on the hostile planet. With only meager supplies, he must draw upon his ingenuity, wit and spirit to subsist and find a way to signal to Earth that he is alive.","['Science Fiction', 'Drama', 'Adventure']",Ridley Scott,"['Matt Damon', 'Jessica Chastain', 'Kristen Wiig', 'Jeff Daniels', 'Michael Peña']","['spacecraft', 'planet mars', 'based on novel or book', 'nasa', 'isolation', 'botanist', 'survival', 'space', 'engineering', 'stranded', 'astronaut', 'struggle for survival', 'aftercreditsstinger', 'duringcreditsstinger', 'deep space', 'philosophical', '2030s', 'faithful adaptation', 'cheerful', 'optimistic']",141.0,27.7627,7.706,21728.0,https://image.tmdb.org/t/p/w500/fASz8A0yFE3QB6LgGoOfwvFSseV.jpg,True
The Big Short,2015,3.5,,318846.0,The Big Short,The Big Short,2015-12-11,The men who made millions from a global economic meltdown.,"['Comedy', 'Drama']",Adam McKay,"['Steve Carell', 'Christian Bale', 'Ryan Gosling', 'Brad Pitt', 'Marisa Tomei']","['based on novel or book', 'bank', 'fraud', 'wall street', 'biography', 'based on true story', 'finances', 'animated scene', 'historical fiction', 'loan', 'financial crisis', 'real estate', 'mortgage', 'financial suspense']",131.0,22.3537,7.371,10040.0,https://image.tmdb.org/t/p/w500/scVEaJEwP8zUix8vgmMoJJ9Nq0w.jpg,True
Shutter Island,2010,4.0,,11324.0,Shutter Island,Shutter Island,2010-02-14,"World War II soldier-turned-U.S. Marshal Teddy Daniels investigates the disappearance of a patient from a hospital for the criminally insane, but his efforts are compromised by troubling visions and a mysterious doctor.","['Drama', 'Thriller', 'Mystery']",Martin Scorsese,"['Leonardo DiCaprio', 'Mark Ruffalo', 'Ben Kingsley', 'Max von Sydow', 'Michelle Williams']","['island', 'based on novel or book', 'concentration camp', 'hurricane', 'investigation', 'psychiatric hospital', 'mental institution', 'escaped patient', 'psychologist', 'psychological thriller', 'doctor', 'missing person', 'ex military', 'neo-noir', 'criminally insane', '1950s', 'haunting past', 'visions', 'mystery', 'depressing', 'dachau']",138.0,24.6211,8.197,26338.0,https://image.tmdb.org/t/p/w500/nrmXQ0zcZUL8jFLrakWc90IR8z9.jpg,True
The Social Network,2010,4.0,,37799.0,The Social Network,The Social Network,2010-10-01,"In 2003, Harvard undergrad and computer programmer Mark Zuckerberg begins work on a new concept that eventually turns into the global social network known as Facebook. Six years later, Mark is one of the youngest billionaires ever, but his unprecedented success leads to both personal and legal complications when he ends up on the receiving end of two lawsuits, one involving his former friend.",['Drama'],David Fincher,"['Jesse Eisenberg', 'Andrew Garfield', 'Armie Hammer', 'Justin Timberlake', 'Rooney Mara']","['hacker', 'based on novel or book', 'boston, massachusetts', 'ex-girlfriend', 'biography', 'based on true story', 'historical fiction', 'university', 'twins', 'docudrama', 'blunt', 'social media', 'legal drama', 'conceited']",121.0,22.1397,7.4,13445.0,https://image.tmdb.org/t/p/w500/n0ybibhJtQ5icDqTp8eRytcIHJx.jpg,True
Kill Bill: Vol. 1,2003,4.0,,24.0,Kill Bill: Vol. 1,Kill Bill: Vol. 1,2003-10-10,"An assassin is shot by her ruthless employer, Bill, and other members of their assassination circle – but she lives to plot her vengeance.","['Action', 'Crime']",Quentin Tarantino,"['Uma Thurman', 'Lucy Liu', 'Vivica A. Fox', 'Daryl Hannah', 'David Carradine']","['martial arts', 'japan', 'kung fu', 'sword', 'yakuza', 'katana', 'sword fight', 'revenge', 'vigilante', 'female yakuza', 'female protagonist', 'retribution', 'dreary', 'extreme violence']",111.0,20.5213,7.971,19331.0,https://image.tmdb.org/t/p/w500/v7TaX8kXMXs5yFFGR41guUDNcnB.jpg,True
Fargo,1996,3.5,,275.0,Fargo,Fargo,1996-03-08,"Jerry, a small-town Minnesota car salesman is bursting at the seams with debt... but he's got a plan. He's going to hire two thugs to kidnap his wife in a scheme to collect a hefty ransom from his wealthy father-in-law. It's going to be a snap and nobody's going to get hurt... until people start dying. Enter Police Chief Marge, a coffee-drinking, parka-wearing - and extremely pregnant - investigator who'll stop at nothing to get her man. And if you think her small-time investigative skills will give the crooks a run for their ransom... you betcha!","['Crime', 'Drama', 'Thriller']",Joel Coen,"['Frances McDormand', 'William H. Macy', 'Steve Buscemi', 'Peter Stormare', 'Harve Presnell']","['salesclerk', 'unsociability', 'police', 'cheating', 'ransom', 'winter', 'kidnapping', 'minnesota', 'dark comedy', 'north dakota', 'money', 'murder', 'police officer', 'car dealership', 'woodchipper', 'macabre', 'false history', 'neo-noir', 'complex', 'minneapolis', 'absurd', 'hilarious', 'straightforward']",98.0,16.8365,7.85,9317.0,https://image.tmdb.org/t/p/w500/rt7cpEr1uP6RTZykBFhBTcRaKvG.jpg,True
Taxi Driver,1976,4.0,,103.0,Taxi Driver,Taxi Driver,1976-02-09,"Suffering from insomnia, disturbed loner Travis Bickle takes a job as a New York City cabbie, haunting the streets nightly, growing increasingly detached from reality as he dreams of cleaning up the filthy city.","['Crime', 'Drama']",Martin Scorsese,"['Robert De Niro', 'Jodie Foster', 'Cybill Shepherd', 'Harvey Keitel', 'Peter Boyle']","['drug dealer', 'vietnam veteran', 'new york city', 'taxi', 'pornography', 'obsession', 'taxi driver', '1970s', 'pimp', 'observer', 'firearm', 'politician', 'alienation', 'junk food', 'misanthrophy', 'vigilante', 'political campaign', 'cynical', 'illegal prostitution', 'urban decay', 'character study', 'loner', 'manhattan, new york city', 'meditative', 'neo-noir', 'child prostitution', 'complex', 'new hollywood', 'dreary', 'cautionary', 'drives', 'provocative', 'antagonistic', 'audacious', 'callous']",114.0,22.6532,8.122,13734.0,https://image.tmdb.org/t/p/w500/ekstpH614fwDX8DUln1a2Opz0N8.jpg,True
12 Angry Men,1957,4.5,,389.0,12 Angry Men,12 Angry Men,1957-04-10,"The defense and the prosecution have rested and the jury is filing into the jury room to decide if a young Spanish-American is guilty or innocent of murdering his father. What begins as an open and shut case soon becomes a mini-drama of each of the jurors' prejudices and preconceptions about the trial, the accused, and each other.",['Drama'],Sidney Lumet,"['Martin Balsam', 'John Fiedler', 'Lee J. Cobb', 'E.G. Marshall', 'Jack Klugman']","['death penalty', 'anonymity', 'court case', 'judge', 'jurors', 'innocence', 'witness', 'knife', 'matter of life and death', 'based on play or musical', 'trial', 'murder', 'debate', 'capital punishment', 'black and white', 'courtroom', 'angry', 'courtroom drama', 'huis clos', 'baffled', 'derisive', 'foreboding']",97.0,32.4095,8.57,10305.0,https://image.tmdb.org/t/p/w500/ppd84D2i9W8jXmsyInGyihiSyqz.jpg,True
Asteroid City,2023,3.5,,747188.0,Asteroid City,Asteroid City,2023-06-08,"In an American desert town circa 1955, the itinerary of a Junior Stargazer/Space Cadet convention is spectacularly disrupted by world-changing events.","['Comedy', 'Drama']",Wes Anderson,"['Jason Schwartzman', 'Scarlett Johansson', 'Tom Hanks', 'Jeffrey Wright', 'Tilda Swinton']","['quarantine', 'asteroid', 'diner', 'grandfather', 'war photographer', 'alien', 'grief', 'space', 'family', 'widower', 'astronomy', 'story within the story', 'existentialism', 'parent-in-law child-in-law relationship', 'vending machine', 'stage play', 'death of wife', '1950s', 'convention', 'stargazing', 'meta', 'science fiction', 'desert town', 'ambiguous', 'audacious', 'skeptical', 'wry']",105.0,9.0523,6.46,2593.0,https://image.tmdb.org/t/p/w500/hfo7pvL9Fys7rocfL4VOzw9qDEQ.jpg,True
Judas and the Black Messiah,2021,3.5,,583406.0,Judas and the Black Messiah,Judas and the Black Messiah,2021-02-12,Bill O'Neal infiltrates the Black Panthers on the orders of FBI Agent Mitchell and J. Edgar Hoover. As Black Panther Chairman Fred Hampton ascends—falling for a fellow revolutionary en route—a battle wages for O’Neal’s soul.,"['Drama', 'History']",Shaka King,"['Daniel Kaluuya', 'LaKeith Stanfield', 'Jesse Plemons', 'Dominique Fishback', 'Ashton Sanders']","['chicago, illinois', 'assassination', 'black panther party', 'based on true story', 'betrayal', 'betrayal by friend', 'hard', '1960s', 'african american history', 'rainbow coalition', 'awestruck', 'exhilarated']",125.0,7.2255,7.285,1746.0,https://image.tmdb.org/t/p/w500/iIgr75GoqFxe1X5Wz9siOODGe9u.jpg,True
Jojo Rabbit,2019,3.5,,515001.0,Jojo Rabbit,Jojo Rabbit,2019-10-18,"Jojo, a lonely German boy during World War II has his world shaken when he learns that his single mother is hiding a Jewish girl in their home. Influenced by a buffoonish imaginary version of Adolf Hitler, he begins to question his beliefs and confront the conflict between propaganda and his own humanity.","['Comedy', 'War', 'Drama']",Taika Waititi,"['Roman Griffin Davis', 'Thomasin McKenzie', 'Scarlett Johansson', 'Taika Waititi', 'Sam Rockwell']","['based on novel or book', 'world war ii', 'jew persecution', 'satire', 'imaginary friend', 'hitler youth', 'single mother', 'questioning', 'nazism', '1940s', 'child protagonist', 'adolf hitler', 'children in wartime', 'suspicious', 'irreverent', 'nazi germany', 'doubtful', 'ridiculous']",108.0,11.9687,7.973,10640.0,https://image.tmdb.org/t/p/w500/1mqL7VG4Ix8wmxwypmCA1HTHBky.jpg,True
The Irishman,2019,3.5,,398978.0,The Irishman,The Irishman,2019-11-01,"Pennsylvania, 1956. Frank Sheeran, a war veteran of Irish origin who works as a truck driver, accidentally meets mobster Russell Bufalino. Once Frank becomes his trusted man, Bufalino sends him to Chicago with the task of helping Jimmy Hoffa, a powerful union leader related to organized crime, with whom Frank will maintain a close friendship for nearly twenty years.","['Crime', 'Drama', 'History']",Martin Scorsese,"['Robert De Niro', 'Al Pacino', 'Joe Pesci', 'Harvey Keitel', 'Ray Romano']","['chicago, illinois', 'philadelphia, pennsylvania', 'based on novel or book', 'hitman', 'war veteran', 'pennsylvania, usa', 'gangster', '1970s', 'irish-american', 'male friendship', 'aging', 'family relationships', 'murder', 'organized crime', 'mafia', 'religion', 'detroit, michigan', 'sicilian mafia', 'nonlinear timeline', 'character study', 'labor union', '1950s', '1960s', 'mob family', 'jimmy hoffa', 'voiceover', 'complex', 'father daughter relationship']",209.0,14.9323,7.571,7679.0,https://image.tmdb.org/t/p/w500/mbm8k3GFhXS0ROd9AD1gqYbIFbM.jpg,True
Marriage Story,2019,3.5,,492188.0,Marriage Story,Marriage Story,2019-09-28,"A stage director and an actress struggle through a grueling, coast-to-coast divorce that pushes them to their personal extremes.",['Drama'],Noah Baumbach,"['Adam Driver', 'Scarlett Johansson', 'Laura Dern', 'Alan Alda', 'Ray Liotta']","['infidelity', 'new york city', 'husband wife relationship', 'parent child relationship', 'theatre group', 'theater director', 'lawyer', 'los angeles, california', 'divorce', 'divorce lawyer', 'thoughtful', 'complex', 'intense']",137.0,9.0704,7.732,7536.0,https://image.tmdb.org/t/p/w500/2JRyCKaRKyJAVpsIHeLvPw5nHmw.jpg,True
Ford v Ferrari,2019,3.0,,359724.0,Ford v Ferrari,Ford v Ferrari,2019-11-13,"American car designer Carroll Shelby and the British-born driver Ken Miles work together to battle corporate interference, the laws of physics, and their own personal demons to build a revolutionary race car for Ford Motor Company and take on the dominating race cars of Enzo Ferrari at the 24 Hours of Le Mans in France in 1966.","['Drama', 'History', 'Action']",James Mangold,"['Matt Damon', 'Christian Bale', 'Jon Bernthal', 'Caitríona Balfe', 'Josh Lucas']","['based on novel or book', 'car race', 'sports', 'car mechanic', 'biography', 'based on true story', 'le mans', 'racing', 'race car driver', 'frantic', '1960s', 'motorsport']",153.0,17.1298,8.006,9243.0,https://image.tmdb.org/t/p/w500/dR1Ju50iudrOh3YgfwkAU1g2HZe.jpg,True
Moana,2016,3.5,,277834.0,Moana,Moana,2016-10-13,"In Ancient Polynesia, when a terrible curse incurred by Maui reaches an impetuous Chieftain's daughter's island, she answers the Ocean's call to seek out the demigod to set things right.","['Adventure', 'Comedy', 'Family', 'Animation']",John Musker,"['Auliʻi Cravalho', 'Dwayne Johnson', 'Rachel House', 'Temuera Morrison', 'Jemaine Clement']","['sailboat', 'sea', 'island', 'saving the world', 'ocean', 'cartoon', 'mythology', 'villain', 'musical', 'coming of age', 'curse', 'sailor', 'explorer', 'aftercreditsstinger', 'demigod', 'polynesia', 'voyage', 'pacific  ocean', 'quest', 'island life', 'giant crab', 'animal sidekick', 'seafarer', '3d animation', 'admiring', 'female explorer']",107.0,7.4749,7.6,13977.0,https://image.tmdb.org/t/p/w500/m5MDZOIFEFlxGiLuAzWzFSsWcye.jpg,True
Green Room,2015,3.0,,313922.0,Green Room,Green Room,2016-04-15,A punk rock band is forced to fight for survival after witnessing an act of violence at a skinhead bar.,"['Horror', 'Crime', 'Thriller']",Jeremy Saulnier,"['Anton Yelchin', 'Imogen Poots', 'Patrick Stewart', 'Alia Shawkat', 'Joe Cole']","['neo-nazism', 'swastika', 'escape', 'killing', 'heroin', 'self-defense', 'machete', 'gore', 'punk rock', 'oregon, usa', 'cover-up', 'sociopath', 'survival', 'murder', 'tension', 'dead body', 'rock music', 'pitbull', 'hard to kill', 'thug', 'brutality', 'drugs', 'witness to murder', 'punk band', 'fire extinguisher', 'aggressive', 'music tour', 'white supremacists', 'killer dog', 'eaten by animal', 'murder by gunshot', 'mic stand', 'guns', 'stabbed', 'brutal murder']",95.0,8.248,6.719,3021.0,https://image.tmdb.org/t/p/w500/evZicaR7nXe4LiD9G6QYTorcJGO.jpg,True
The Master,2012,4.0,,68722.0,The Master,The Master,2012-09-14,"Freddie, a volatile, heavy-drinking veteran who suffers from post-traumatic stress disorder, finds some semblance of a family when he stumbles onto the ship of Lancaster Dodd, the charismatic leader of a new ""religion"" he forms after World War II.",['Drama'],Paul Thomas Anderson,"['Joaquin Phoenix', 'Philip Seymour Hoffman', 'Amy Adams', 'Rami Malek', 'Laura Dern']","['post-traumatic stress disorder (ptsd)', 'sexual obsession', 'religion', 'drifter', 'alcoholic', 'handjob', 'post war', 'cult leader', 'scientology', 'religious cult', 'charismatic leader', 'right hand man', '1940s', 'past life regression', 'nude dancing']",137.0,7.0768,7.094,3396.0,https://image.tmdb.org/t/p/w500/rUSjbyvYWN9H4az8xt0tDtU7I6v.jpg,True
Mean Girls,2004,3.5,,10625.0,Mean Girls,Mean Girls,2004-04-30,"Cady Heron is a hit with The Plastics, the A-list girl clique at her new school, until she makes the mistake of falling for Aaron Samuels, the ex-boyfriend of alpha Plastic Regina George.","['Drama', 'Comedy']",Mark Waters,"['Lindsay Lohan', 'Rachel McAdams', 'Lizzy Caplan', 'Lacey Chabert', 'Amanda Seyfried']","['based on novel or book', 'illinois', 'female friendship', 'bullying', 'coming of age', 'prom', 'teenage girl', 'fish out of water', 'best friend', 'math teacher', 'gossip', 'clique', 'former best friend', 'teen comedy', 'exploitation of friendship', 'public humiliation', 'high school rivalry', 'new girl at school', 'teenage life', 'manipulative friend', 'math genius', 'female bully', 'teenage friendship', 'teenager', 'audacious']",97.0,21.3758,7.227,9632.0,https://image.tmdb.org/t/p/w500/2ZkuQXvVhh45uSvkBej4S7Ix1NJ.jpg,True
Good Time,2017,4.0,,429200.0,Good Time,Good Time,2017-08-11,"After a botched bank robbery lands his younger brother in prison, Connie Nikas embarks on a twisted odyssey through New York City's underworld to get his brother Nick out of jail.","['Crime', 'Thriller', 'Drama']",Benny Safdie,"['Robert Pattinson', 'Benny Safdie', 'Buddy Duress', 'Taliah Webster', 'Jennifer Jason Leigh']","['prison', 'mentally disabled', 'new york city', 'brother', 'bank robber', 'wheelchair', 'on the run', 'hospital', 'drugs', 'foot chase', 'security guard', 'amusement park', 'one night', 'botched robbery', 'acid', 'intimate', 'intense', 'compassionate']",102.0,9.2086,7.207,3216.0,https://image.tmdb.org/t/p/w500/yE1c9hj5Hf8a9KplAdRdhADqUro.jpg,True
Ferris Bueller's Day Off,1986,3.5,,9377.0,Ferris Bueller's Day Off,Ferris Bueller's Day Off,1986-06-11,"After high school slacker Ferris Bueller successfully fakes an illness in order to skip school for the day, he goes on a series of adventures throughout Chicago with his girlfriend Sloane and best friend Cameron, all the while trying to outwit his wily school principal and fed-up sister.",['Comedy'],John Hughes,"['Matthew Broderick', 'Alan Ruck', 'Mia Sara', 'Jeffrey Jones', 'Jennifer Grey']","['chicago, illinois', 'high school', 'independence', 'coming of age', 'caper', 'breaking the fourth wall', 'teen movie', 'fantasy sequence', 'car theft', 'skipping school', 'aftercreditsstinger', 'duringcreditsstinger', 'truancy', 'day in a life', '1980s', 'irreverent', 'teenager', 'optimistic', 'sincere']",103.0,11.8222,7.562,5532.0,https://image.tmdb.org/t/p/w500/9LTQNCvoLsKXP0LtaKAaYVtRaQL.jpg,True
The Great Gatsby,2013,3.0,,64682.0,The Great Gatsby,The Great Gatsby,2013-05-09,"Nick Carraway arrives in New York in 1922, an era of loose morals, glittering jazz and bootleg kings. Chasing his own American Dream, Nick encounters the mysterious millionaire Gatsby and his bewitching cousin Daisy. Soon, Nick is drawn into the captivating world of the super-rich, their illusions, loves and deceits. Bearing witness to this new world, Nick pens a tale of impossible love, incorruptible dreams and unforgettable tragedy -- mirroring our own times and struggles.​","['Drama', 'Romance']",Baz Luhrmann,"['Leonardo DiCaprio', 'Tobey Maguire', 'Carey Mulligan', 'Joel Edgerton', 'Elizabeth Debicki']","['infidelity', 'based on novel or book', 'obsession', 'hope', 'long island, new york', '1920s', 'voiceover']",143.0,14.4569,7.347,13124.0,https://image.tmdb.org/t/p/w500/nimh1rrDDLhgpG8XAYoUZXHYwb6.jpg,True
A Quiet Place,2018,3.5,,447332.0,A Quiet Place,A Quiet Place,2018-04-03,A family is forced to live in silence while hiding from creatures that hunt by sound.,"['Horror', 'Drama', 'Science Fiction']",John Krasinski,"['Emily Blunt', 'John Krasinski', 'Millicent Simmonds', 'Noah Jupe', 'Cade Woodward']","['pregnancy', 'fireworks', 'deaf', 'post-apocalyptic future', 'alien life-form', 'child in peril', 'creature', 'alien invasion', 'parenting', 'survival horror', 'alien monster', 'human vs alien', 'sign languages', 'hostile', 'anxious', 'dreary', 'quiet', 'upstate new york', 'psychological horror', 'sci-fi horror', 'frightened']",91.0,18.1286,7.395,15663.0,https://image.tmdb.org/t/p/w500/nAU74GmpUk7t5iklEp3bufwDq4n.jpg,True
Green Book,2018,4.0,,490132.0,Green Book,Green Book,2018-11-16,"Tony Lip, a bouncer in 1962, is hired to drive pianist Don Shirley on a tour through the Deep South in the days when African Americans, forced to find alternate accommodations and services due to segregation laws below the Mason-Dixon Line, relied on a guide called The Negro Motorist Green Book.","['Drama', 'Comedy', 'History']",Peter Farrelly,"['Viggo Mortensen', 'Mahershala Ali', 'Linda Cardellini', 'Sebastian Maniscalco', 'Dimiter D. Marinov']","['friendship', 'southern usa', 'based on true story', 'road trip', 'racism', 'pianist', 'driver', 'lgbt', 'road movie', 'music tour', '1960s', 'roadtrip', 'gay theme', 'feelgood']",130.0,26.6411,8.222,13168.0,https://image.tmdb.org/t/p/w500/7BsvSuDQuoqhWmU2fL7W2GOcZHU.jpg,True
The Departed,2006,4.0,,1422.0,The Departed,The Departed,2006-10-04,"To take down South Boston's Irish Mafia, the police send in one of their own to infiltrate the underworld, not realizing the syndicate has done likewise. While an undercover cop curries favor with the mob kingpin, a career criminal rises through the police ranks. But both sides soon discover there's a mole among them.","['Drama', 'Thriller', 'Crime']",Martin Scorsese,"['Leonardo DiCaprio', 'Matt Damon', 'Jack Nicholson', 'Mark Wahlberg', 'Martin Sheen']","['police', 'undercover', 'boston, massachusetts', 'gangster', 'irish-american', 'crime boss', 'friends', 'remake', 'mobster', 'organized crime', 'mafia', 'undercover cop', 'mole', 'state police', 'police training', 'realtor', 'angry', 'complex', 'dreary', 'inspirational', 'intense', 'authoritarian', 'frightened']",151.0,24.6532,8.158,16564.0,https://image.tmdb.org/t/p/w500/nT97ifVT2J1yMQmeq20Qblg61T.jpg,True
Amadeus,1984,4.5,,279.0,Amadeus,Amadeus,1984-09-19,Disciplined Italian composer Antonio Salieri becomes consumed by jealousy and resentment towards the hedonistic and remarkably talented young Salzburger composer Wolfgang Amadeus Mozart.,"['Drama', 'History', 'Music']",Miloš Forman,"['F. Murray Abraham', 'Tom Hulce', 'Elizabeth Berridge', 'Simon Callow', 'Roy Dotrice']","['opera', 'composer', 'musician', 'marriage crisis', 'italy', 'talent', 'emperor', 'austria', 'based on true story', 'based on play or musical', 'mozart', 'god', 'murder', 'vienna, austria', 'envy', '18th century', 'prodigy', 'inspirational', 'bitter']",160.0,13.8747,8.025,4884.0,https://image.tmdb.org/t/p/w500/gQRfiyfGvr1az0quaYyMram3Aqt.jpg,True
Silver Linings Playbook,2012,4.0,,82693.0,Silver Linings Playbook,Silver Linings Playbook,2012-11-16,"After losing his job and wife, and spending time in an institution, a former teacher winds up living with his parents. He wants to rebuild his life and reconcile with his wife, but his father would be happy if he shared his obsession with the Philadelphia Eagles. Things get complicated when he meets Tiffany Maxwell who offers to help him reconnect with his wife if he will do something very important for her in exchange.","['Drama', 'Comedy', 'Romance']",David O. Russell,"['Bradley Cooper', 'Jennifer Lawrence', 'Robert De Niro', 'Jacki Weaver', 'Anupam Kher']","['depression', 'infidelity', 'dancing', 'friendship', 'philadelphia, pennsylvania', 'based on novel or book', 'italian american', 'widow', 'superstition', 'letter', 'dance competition', 'mental institution', 'obsessed fan', 'therapy', 'mental illness', 'ex-wife', 'institutionalization', 'death of husband', 'sports gambling', 'unfaithful wife', 'obsessed with a woman', 'father son relationship', 'adulterous wife', 'cheerful', 'philadelphia eagles', 'former teacher', 'football fans', 'release from psychiatric institution']",122.0,14.5443,7.155,12805.0,https://image.tmdb.org/t/p/w500/fhHB1uvfFKKFbj6bTKE8xdtsjKi.jpg,True
NYAD,2023,3.0,,895549.0,NYAD,NYAD,2023-10-18,Athlete Diana Nyad sets out at 60 to achieve a nearly impossible lifelong dream: to swim from Cuba to Florida across more than 100 miles of open ocean.,"['Drama', 'History']",Jimmy Chin,"['Annette Bening', 'Jodie Foster', 'Rhys Ifans', 'Ethan Jones Romero', 'Luke Cosgrove']","['midlife crisis', 'affectation', 'biography', 'based on true story', 'based on memoir or autobiography', 'swimming', 'lgbt', 'world record', 'inspiring', 'wild swimming', 'absurd', 'admiring', 'adoring', 'rousing', 'sport']",120.0,3.7407,7.076,572.0,https://image.tmdb.org/t/p/w500/ydSqUhKFvg5cZ5OwImmf3K1R6SS.jpg,True
The Talented Mr. Ripley,1999,5.0,,1213.0,The Talented Mr. Ripley,The Talented Mr. Ripley,1999-12-25,"Tom Ripley is a calculating young man who believes it's better to be a fake somebody than a real nobody. Opportunity knocks in the form of a wealthy U.S. shipbuilder who hires Tom to travel to Italy to bring back his playboy son, Dickie. Ripley worms his way into the idyllic lives of Dickie and his girlfriend, plunging into a daring scheme of duplicity, lies and murder.","['Thriller', 'Crime', 'Drama']",Anthony Minghella,"['Matt Damon', 'Gwyneth Paltrow', 'Jude Law', 'Cate Blanchett', 'Philip Seymour Hoffman']","['new york city', 'friendship', 'ship', 'new love', 'lovesickness', 'jealousy', 'dual identity', 'double life', 'based on novel or book', 'venice, italy', 'beguilement', 'italy', 'homicide', 'secret identity', 'atlantic ocean', 'new identity', 'prosecution', 'fake identity', 'rejection', 'inferiority', 'inferiority complex', 'tragedy', 'wealth', 'male homosexuality', 'serial killer', 'psychological thriller', 'period drama', 'envy', 'shocking', 'identity theft', 'complex', 'gay theme', 'intense', 'distressing', 'frightened', 'sexual ambiguity']",140.0,12.734,7.196,4263.0,https://image.tmdb.org/t/p/w500/6ojHgqtIR41O2qLKa7LFUVj0cZa.jpg,True
The Hunger Games: The Ballad of Songbirds & Snakes,2023,3.5,,695721.0,The Hunger Games: The Ballad of Songbirds & Snakes,The Hunger Games: The Ballad of Songbirds & Snakes,2023-11-15,"64 years before he becomes the tyrannical president of Panem, Coriolanus Snow sees a chance for a change in fortunes when he mentors Lucy Gray Baird, the female tribute from District 12.","['Science Fiction', 'Action']",Francis Lawrence,"['Tom Blyth', 'Rachel Zegler', 'Peter Dinklage', 'Jason Schwartzman', 'Hunter Schafer']","['daughter', 'based on novel or book', 'arena', 'fight', 'mentor', 'dystopia', 'riot', 'exploration', 'president', 'prequel', 'survival', 'murder', 'snow', 'creature', 'battle', 'fight to the death', 'young adult', 'origin story', 'based on young adult novel', 'death game', 'teenager']",157.0,15.5245,6.961,3638.0,https://image.tmdb.org/t/p/w500/mBaXZ95R2OxueZhvQbcEWy2DqyO.jpg,True
Glengarry Glen Ross,1992,4.0,,9504.0,Glengarry Glen Ross,Glengarry Glen Ross,1992-09-10,An examination of the machinations behind the scenes at a real estate office. Unscrupulous salesmen try to hawk dubious real estate to suckers.,"['Crime', 'Drama', 'Mystery']",James Foley,"['Al Pacino', 'Jack Lemmon', 'Alec Baldwin', 'Alan Arkin', 'Ed Harris']","['estate agent', 'robbery', 'competition', 'office', 'dark comedy', 'shop', 'based on play or musical', 'betrayal', 'salesman', 'contest', 'brooklyn, new york city', 'chinese restaurant', 'stormy night', 'real estate', 'salesmen', 'aggressive', 'neo-noir', 'bleak', 'desperate', 'cutthroat', 'dreary', 'pressure']",100.0,6.7438,7.3,1643.0,https://image.tmdb.org/t/p/w500/zcaEDx8KlVfh4vKfMNLhiSi5Oz4.jpg,True
2001: A Space Odyssey,1968,5.0,,62.0,2001: A Space Odyssey,2001: A Space Odyssey,1968-04-02,"Humanity finds a mysterious object buried beneath the lunar surface and sets off to find its origins with the help of HAL 9000, the world's most advanced super computer.","['Science Fiction', 'Mystery', 'Adventure']",Stanley Kubrick,"['Keir Dullea', 'Gary Lockwood', 'William Sylvester', 'Douglas Rain', 'Daniel Richter']","['man vs machine', 'moon', 'jupiter', 'artificial intelligence (a.i.)', 'based on novel or book', 'technology', 'super computer', 'space travel', 'space mission', 'moon base', 'astronaut', 'evolution', 'monolith', 'space station', 'space opera', 'philosophical', '2000s', 'ai rebellion', 'suspenseful', 'complicated', 'metrocolor']",149.0,20.5963,8.045,12882.0,https://image.tmdb.org/t/p/w500/ve72VxNqjGM69Uky4WTo2bK6rfq.jpg,True
Hell or High Water,2016,4.5,,338766.0,Hell or High Water,Hell or High Water,2016-08-11,A divorced dad and his ex-con brother resort to a desperate scheme in order to save their family's farm in West Texas.,"['Western', 'Crime', 'Drama']",David Mackenzie,"['Jeff Bridges', 'Chris Pine', 'Ben Foster', 'Gil Birmingham', 'Marin Ireland']","['brother', 'texas', 'bank robber', 'road trip', 'gun battle', 'police officer killed', 'criminal', 'held at gunpoint', 'car fire', 'cowboy', 'small western town', 'neo-western', 'divorced father', 'bullet hole', 'audacious']",102.0,10.0618,7.306,4973.0,https://image.tmdb.org/t/p/w500/ljRRxqy2aXIkIBXLmOVifcOR021.jpg,True
Free Solo,2018,5.0,,515042.0,Free Solo,Free Solo,2018-09-28,"Follow Alex Honnold as he attempts to become the first person to ever free solo climb Yosemite's 3,000 foot high El Capitan wall. With no ropes or safety gear, this would arguably be the greatest feat in rock climbing history.","['Documentary', 'Adventure']",Jimmy Chin,"['Alex Honnold', 'Tommy Caldwell', 'Jimmy Chin', 'Sanni McCandless', 'Mikey Schaefer']","['california', 'extreme sports', 'mountain', 'yosemite', 'mountain climbing', 'woman director', 'free climbing', 'rock climbing', 'el capitan', 'solo climbing']",100.0,4.0479,7.9,1559.0,https://image.tmdb.org/t/p/w500/v4QfYZMACODlWul9doN9RxE99ag.jpg,True
Coco,2017,4.5,,354912.0,Coco,Coco,2017-10-27,"Despite his family’s baffling generations-old ban on music, Miguel dreams of becoming an accomplished musician like his idol, Ernesto de la Cruz. Desperate to prove his talent, Miguel finds himself in the stunning and colorful Land of the Dead following a mysterious chain of events. Along the way, he meets charming trickster Hector, and together, they set off on an extraordinary journey to unlock the real story behind Miguel's family history.","['Family', 'Animation', 'Music', 'Adventure']",Lee Unkrich,"['Anthony Gonzalez', 'Gael García Bernal', 'Benjamin Bratt', 'Alanna Ubach', 'Renée Victor']","['skeleton', 'mexico', 'guitar', 'afterlife', 'musician', 'holiday', 'villain', 'singer', 'murderer', 'life after death', 'kids', 'day of the dead', '3d animation', 'music', 'boy', 'hilarious', 'hopeful', 'modest', 'pixar']",105.0,43.4017,8.2,21333.0,https://image.tmdb.org/t/p/w500/6Ryitt95xrO8KXuqRGm1fUuNwqF.jpg,True
The Lion King,1994,4.5,,8587.0,The Lion King,The Lion King,1994-06-15,"Young lion prince Simba, eager to one day become king of the Pride Lands, grows up under the watchful eye of his father Mufasa; all the while his villainous uncle Scar conspires to take the throne for himself. Amid betrayal and tragedy, Simba must confront his past and find his rightful place in the Circle of Life.","['Animation', 'Family', 'Drama']",Roger Allers,"['Matthew Broderick', 'Moira Kelly', 'Jeremy Irons', 'Nathan Lane', 'Ernie Sabella']","['father murder', 'loss of loved one', 'africa', 'lion', 'cartoon', 'manipulation', 'villain', 'redemption', 'musical', 'uncle', 'coming of age', 'murder', 'shaman', 'king', 'animals', 'nature', 'father son relationship', 'awestruck']",89.0,32.9631,8.251,20063.0,https://image.tmdb.org/t/p/w500/sKCr78MXSLixwmZ8DyJLrpMsd15.jpg,True
Once Upon a Time... in Hollywood,2019,3.5,,466272.0,Once Upon a Time... in Hollywood,Once Upon a Time... in Hollywood,2019-07-24,"Los Angeles, 1969. TV star Rick Dalton, a struggling actor specializing in westerns, and stuntman Cliff Booth, his best friend, try to survive in a constantly changing movie industry. Dalton is the neighbor of the young and promising actress and model Sharon Tate, who has just married the prestigious Polish director Roman Polanski…","['Comedy', 'Drama', 'Thriller']",Quentin Tarantino,"['Leonardo DiCaprio', 'Brad Pitt', 'Margot Robbie', 'Emile Hirsch', 'Margaret Qualley']","['movie business', 'male friendship', 'cult', 'based on true story', 'celebrity', 'fame', 'hollywood', 'los angeles, california', 'historical fiction', 'period drama', 'buddy', 'filmmaking', 'struggling actor', 'satanic cult', 'revisionist history', 'nostalgic', 'duringcreditsstinger', 'western filmmaking', 'manson family murders', '1960s', 'stunt double', 'old hollywood', 'sharon tate', 'charles manson', 'subjective', 'hollywood, california']",162.0,19.1864,7.42,15174.0,https://image.tmdb.org/t/p/w500/8j58iEBw9pOXFD2L0nt0ZXeHviB.jpg,True
The Dark Knight Rises,2012,3.5,,49026.0,The Dark Knight Rises,The Dark Knight Rises,2012-07-17,"Following the death of District Attorney Harvey Dent, Batman assumes responsibility for Dent's crimes to protect the late attorney's reputation and is subsequently hunted by the Gotham City Police Department. Eight years later, Batman encounters the mysterious Selina Kyle and the villainous Bane, a new terrorist leader who overwhelms Gotham's finest. The Dark Knight resurfaces to protect a city that has branded him an enemy.","['Action', 'Crime', 'Drama', 'Thriller']",Christopher Nolan,"['Christian Bale', 'Gary Oldman', 'Tom Hardy', 'Joseph Gordon-Levitt', 'Anne Hathaway']","['airplane', 'fight', 'burglar', 'hostage', 'secret identity', 'crime fighter', 'superhero', 'villainess', 'time bomb', 'based on comic', 'cover-up', 'vigilante', 'tragic hero', 'mobile', 'terrorism', 'destruction', 'fighting', 'criminal underworld', 'cat burglar', 'flood']",165.0,34.8744,7.797,24842.0,https://image.tmdb.org/t/p/w500/hr0L2aueqlP2BYUblTTjmtn0hw4.jpg,True
The Florida Project,2017,4.5,,394117.0,The Florida Project,The Florida Project,2017-10-06,"The story of a precocious six year-old and her ragtag group of friends whose summer break is filled with childhood wonder, possibility and a sense of adventure while the adults around them struggle with hard times.",['Drama'],Sean Baker,"['Brooklynn Prince', 'Bria Vinaite', 'Willem Dafoe', 'Christopher Rivera', 'Valeria Cotto']","['florida', 'friendship', 'parent child relationship', 'drug addiction', 'innocence', 'motel', 'drug use', 'coming of age', 'summer', 'single mother', 'social services', 'prostitute mother', ""children's perspectives"", 'kids', 'orlando florida', 'generation z', 'lower class', 'peer relationship', 'mother daughter relationship', 'unfit mother', 'non-professional acting', 'psychological drama']",112.0,9.906,7.427,3173.0,https://image.tmdb.org/t/p/w500/5QnDxdJg1fi6uMSkSi4x8tHsltm.jpg,True
The King of Comedy,1982,4.0,,262.0,The King of Comedy,The King of Comedy,1982-12-18,"Aspiring comic Rupert Pupkin attempts to achieve success in show business by stalking his idol, a late night talk-show host who craves his own privacy.","['Drama', 'Comedy']",Martin Scorsese,"['Robert De Niro', 'Jerry Lewis', 'Diahnne Abbott', 'Sandra Bernhard', 'Shelley Hack']","['prison', 'new york city', 'blackmail', 'show business', 'entertainer', 'fbi', 'studio', 'receptionist', 'zealous', 'cautionary', 'hilarious', 'audacious', 'mean spirited']",109.0,6.771,7.777,2645.0,https://image.tmdb.org/t/p/w500/m24EbHxT9NGYEkOlu29YcLOgjgK.jpg,True
Horrible Bosses,2011,4.0,,51540.0,Horrible Bosses,Horrible Bosses,2011-07-08,"For Nick, Kurt and Dale, the only thing that would make the daily grind more tolerable would be to grind their intolerable bosses into dust. Quitting is not an option, so, with the benefit of a few-too-many drinks and some dubious advice from a hustling ex-con, the three friends devise a convoluted and seemingly foolproof plan to rid themselves of their respective employers... permanently.","['Comedy', 'Crime']",Seth Gordon,"['Jason Bateman', 'Charlie Day', 'Jason Sudeikis', 'Kevin Spacey', 'Jennifer Aniston']","['bad boss', 'employee', 'death of father', 'stakeout', 'duringcreditsstinger']",98.0,11.4265,6.575,6938.0,https://image.tmdb.org/t/p/w500/uQkUwgyFHAm0jGQERPG6Z9o9Zbj.jpg,True
Horrible Bosses 2,2014,3.5,,227159.0,Horrible Bosses 2,Horrible Bosses 2,2014-11-12,"Dale, Kurt and Nick decide to start their own business but things don't go as planned because of a slick investor, prompting the trio to pull off a harebrained and misguided kidnapping scheme.",['Comedy'],Sean Anders,"['Jason Bateman', 'Jason Sudeikis', 'Charlie Day', 'Jennifer Aniston', 'Chris Pine']","['prison', 'kidnapping', 'sex addiction', 'sequel', 'sex tape']",108.0,10.5634,6.177,4472.0,https://image.tmdb.org/t/p/w500/boBOkwIqgrs8noxBUSDkkicKa4K.jpg,True
Mad Max: Fury Road,2015,4.0,,76341.0,Mad Max: Fury Road,Mad Max: Fury Road,2015-05-13,"An apocalyptic story set in the furthest reaches of our planet, in a stark desert landscape where humanity is broken, and most everyone is crazed fighting for the necessities of life. Within this world exist two rebels on the run who just might be able to restore order.","['Action', 'Adventure', 'Science Fiction']",George Miller,"['Tom Hardy', 'Charlize Theron', 'Nicholas Hoult', 'Hugh Keays-Byrne', 'Josh Helman']","['rescue', 'australia', 'dystopia', 'sandstorm', 'post-apocalyptic future', 'sequel', 'survival', 'on the run', 'peak oil', 'dark future', 'intense', 'desert wasteland', 'convoy attack', 'high-speed chase', 'freedom quest', 'road warfare', 'modified vehicles', 'war boys', 'tyrannical ruler']",121.0,50.2487,7.637,24514.0,https://image.tmdb.org/t/p/w500/ulcAi4dKpAjHwYGS08vNyx9H6I9.jpg,True
The Batman,2022,3.5,,414906.0,The Batman,The Batman,2022-03-01,"In his second year of fighting crime, Batman uncovers corruption in Gotham City that connects to his own family while facing a serial killer known as the Riddler.","['Crime', 'Mystery', 'Thriller']",Matt Reeves,"['Robert Pattinson', 'Zoë Kravitz', 'Jeffrey Wright', 'Colin Farrell', 'Paul Dano']","['police', 'psychopath', 'secret identity', 'crime fighter', 'superhero', 'nightclub', 'politician', 'based on comic', 'vigilante', 'organized crime', 'serial killer', 'millionaire', 'social injustice', 'murder investigation', 'aftercreditsstinger', 'masked superhero', 'political corruption', 'neo-noir', 'urban gothic', 'vengeance', 'mayoral election', 'wistful', 'suspenseful', 'tense', 'gloomy']",177.0,40.6931,7.669,12423.0,https://image.tmdb.org/t/p/w500/74xTEgt7R36Fpooo50r9T25onhq.jpg,True
Drive,2011,3.0,,64690.0,Drive,Drive,2011-09-15,"Driver is a skilled Hollywood stuntman who moonlights as a getaway driver for criminals. Though he projects an icy exterior, lately he's been warming up to a pretty neighbor named Irene and her young son, Benicio. When Irene's husband gets out of jail, he enlists Driver's help in a million-dollar heist. The job goes horribly wrong, and Driver must risk his life to protect Irene and Benicio from the vengeful masterminds behind the robbery.","['Drama', 'Thriller', 'Crime']",Nicolas Winding Refn,"['Ryan Gosling', 'Carey Mulligan', 'Bryan Cranston', 'Albert Brooks', 'Oscar Isaac']","['robbery', 'car mechanic', 'stuntman', 'beaten to death', 'revenge', 'organized crime', 'neighbor', 'police chase', 'los angeles, california', 'brutality', 'jacket', 'scorpion', 'toothpick', 'getaway driver', 'crime lord', 'stunt driver', 'existentialism', 'neo-noir', 'vindictive', 'hammer', 'bold']",100.0,16.5849,7.583,13939.0,https://image.tmdb.org/t/p/w500/602vevIURmpDfzbnv5Ubi6wIkQm.jpg,True
Rounders,1998,3.5,,10220.0,Rounders,Rounders,1998-09-11,"Poker addict Mike McDermott knows the game inside out, but loses his money one night in a game to Russian-American gangster Teddy KGB. Promising his partner Jo he'll give up, he meets up with best friend Lester 'Worm' Murphy, just out of prison and owing lots of money to the wrong kind of people. McDermott becomes his co-guarantor and now there's only one way to raise the money, the pair have to get back into the game.","['Drama', 'Crime']",John Dahl,"['Matt Damon', 'Edward Norton', 'John Turturro', 'Gretchen Mol', 'John Malkovich']","['new york city', 'friendship', 'casino', 'poker', 'gambling', 'call girl', 'bratva (russian mafia)', 'gambling debt', 'roulette', 'gain', 'atlantic city', 'law student', 'loan shark', 'credit card fraud', 'neo-noir']",121.0,6.7125,7.02,1977.0,https://image.tmdb.org/t/p/w500/mqbMwYGwIChnaCO55h7v8DG8Wwy.jpg,True
Saltburn,2023,4.5,Very similar to the talented Mr Ripley which I also love. Great cinematography and music and story,930564.0,Saltburn,Saltburn,2023-11-16,"Struggling to find his place at Oxford University, student Oliver Quick finds himself drawn into the world of the charming and aristocratic Felix Catton, who invites him to Saltburn, his eccentric family's sprawling estate, for a summer never to be forgotten.","['Drama', 'Comedy', 'Thriller']",Emerald Fennell,"['Barry Keoghan', 'Jacob Elordi', 'Rosamund Pike', 'Richard E. Grant', 'Alison Oliver']","['suicide', 'karaoke', 'obsession', 'country house', 'maze', 'college', 'dark comedy', 'birthday party', 'university', 'bathtub', 'lust', 'gothic', 'mental illness', 'lgbt', 'mental health', 'bisexual man', 'eating disorder', 'woman director', 'oxford university', 'family estate', 'alcohol problems', 'self-harm', 'suicide investigation', '2000s', 'gay theme', ""boys' love (bl)""]",131.0,11.996,6.9,3080.0,https://image.tmdb.org/t/p/w500/zGTfMwG112BC66mpaveVxoWPOaB.jpg,True
Dunkirk,2017,3.5,,374720.0,Dunkirk,Dunkirk,2017-07-19,"The story of the miraculous evacuation of Allied soldiers from Belgium, Britain, Canada and France, who were cut off and surrounded by the German army from the beaches and harbour of Dunkirk between May 26th and June 4th 1940 during World War II.","['War', 'Action', 'Drama']",Christopher Nolan,"['Fionn Whitehead', 'Tom Hardy', 'Mark Rylance', 'Kenneth Branagh', 'Cillian Murphy']","['army', 'beach', 'france', 'allies', 'raf (royal air force)', 'military officer', 'world war ii', 'evacuation', 'pilot', 'british army', 'rescue mission', 'europe', 'based on true story', 'royal navy', 'survival', 'historical fiction', 'soldier', 'period drama', 'private', 'military', 'dunkirk', '1940s', 'intense', 'awestruck', 'foreboding']",107.0,24.3481,7.451,17902.0,https://image.tmdb.org/t/p/w500/b4Oe15CGLL61Ped0RAS9JpqdmCt.jpg,True
The Killing of a Sacred Deer,2017,2.5,Jesus Christ,399057.0,The Killing of a Sacred Deer,The Killing of a Sacred Deer,2017-10-20,"Dr. Steven Murphy is a renowned cardiovascular surgeon who presides over a spotless household with his wife and two children. Lurking at the margins of his idyllic suburban existence is Martin, a fatherless teen who insinuates himself into the doctor's life in gradually unsettling ways.","['Drama', 'Thriller', 'Mystery']",Yorgos Lanthimos,"['Colin Farrell', 'Nicole Kidman', 'Barry Keoghan', 'Raffey Cassidy', 'Sunny Suljic']","['husband wife relationship', 'hostage', 'psychopath', 'insanity', 'blackmail', 'surgeon', 'paralysis', 'dysfunctional family', 'paranormal', 'revenge', 'hospital', 'cruelty', 'brutality', 'cafe', 'cardiologist', 'recovering alcoholic', 'open heart surgery']",121.0,11.2953,7.001,4553.0,https://image.tmdb.org/t/p/w500/e4DGlsc9g0h5AyoyvvAuIRnofN7.jpg,True
GoodFellas,1990,4.5,,769.0,GoodFellas,GoodFellas,1990-09-12,"The true story of Henry Hill, a half-Irish, half-Sicilian Brooklyn kid who is adopted by neighbourhood gangsters at an early age and climbs the ranks of a Mafia family under the guidance of Jimmy Conway.","['Drama', 'Crime']",Martin Scorsese,"['Robert De Niro', 'Ray Liotta', 'Joe Pesci', 'Lorraine Bracco', 'Paul Sorvino']","['prison', 'florida', 'new york city', 'based on novel or book', 'gangster', 'mass murder', 'drug trafficking', '1970s', 'irish-american', 'gore', 'biography', 'based on true story', 'murder', 'organized crime', 'mafia', 'brooklyn, new york city', 'crime epic', 'tampa, florida']",145.0,28.2058,8.451,14692.0,https://image.tmdb.org/t/p/w500/9OkCLM73MIU2CrKZbqiT8Ln1wY2.jpg,True
Society of the Snow,2023,3.0,,906126.0,Society of the Snow,La sociedad de la nieve,2023-12-15,"On October 13, 1972, Uruguayan Air Force Flight 571, chartered to take a rugby team to Chile, crashes into a glacier in the heart of the Andes.","['Drama', 'History']",J. A. Bayona,"['Enzo Vogrincic', 'Agustín Pardella', 'Matías Recalt', 'Esteban Bigliardi', 'Diego Vegezzi']","['rescue', 'friendship', 'based on novel or book', 'prayer', '1970s', 'brotherhood', 'based on true story', 'rugby', 'uruguay', 'struggle for survival', 'mountain climbing', 'inspiring', 'andes mountains', 'historical drama', 'plane crash', 'dark', 'cannibalism', 'cine uruguayo', 'wilderness survival']",143.0,8.777,7.969,3599.0,https://image.tmdb.org/t/p/w500/2e853FDVSIso600RqAMunPxiZjq.jpg,True
Moonrise Kingdom,2012,4.0,,83666.0,Moonrise Kingdom,Moonrise Kingdom,2012-05-16,"Set on an island off the coast of New England in the summer of 1965, Moonrise Kingdom tells the story of two twelve-year-olds who fall in love, make a secret pact, and run away together into the wilderness. As various authorities try to hunt them down, a violent storm is brewing off-shore – and the peaceful island community is turned upside down in more ways than anyone can handle.","['Comedy', 'Drama', 'Romance']",Wes Anderson,"['Jared Gilman', 'Kara Hayward', 'Bruce Willis', 'Edward Norton', 'Bill Murray']","['camping', 'hurricane', 'pen pals', 'coming of age', 'camp', 'orphan', 'new england', 'first love', 'eye patch', 'search party', 'devastation', 'handkerchief', 'child smoking', 'small town sheriff', 'boy scouts', 'sand dancing', 'meet cute', 'boy scouts leader', 'pipe smoking', 'duringcreditsstinger', '1960s']",94.0,8.6007,7.677,6452.0,https://image.tmdb.org/t/p/w500/y4SXcbNl6CEF2t36icuzuBioj7K.jpg,True
The Royal Tenenbaums,2001,4.5,,9428.0,The Royal Tenenbaums,The Royal Tenenbaums,2001-10-05,"Royal Tenenbaum and his wife Etheline had three children and then they separated. All three children are extraordinary --- all geniuses. Virtually all memory of the brilliance of the young Tenenbaums was subsequently erased by two decades of betrayal, failure, and disaster. Most of this was generally considered to be their father's fault. ""The Royal Tenenbaums"" is the story of the family's sudden, unexpected reunion one recent winter.","['Comedy', 'Drama']",Wes Anderson,"['Gene Hackman', 'Anjelica Huston', 'Ben Stiller', 'Gwyneth Paltrow', 'Luke Wilson']","['forgiveness', 'cigarette', 'melancholy', 'child prodigy', 'terminal illness', 'dysfunctional family', 'family conflict', 'hopeful']",110.0,7.9281,7.454,5170.0,https://image.tmdb.org/t/p/w500/nG7hZJn7wQTSDCQT39Gy3s3tbrp.jpg,True
Elvis,2022,2.5,,614934.0,Elvis,Elvis,2022-06-22,"The life story of Elvis Presley as seen through the complicated relationship with his enigmatic manager, Colonel Tom Parker.","['Music', 'History', 'Drama']",Baz Luhrmann,"['Austin Butler', 'Tom Hanks', 'Olivia DeJonge', 'Helen Thomson', 'Richard Roxburgh']","[""rock 'n' roll"", 'biography', 'singer', 'music business', 'rock singer', '1950s', 'famous song', 'joyous', 'apathetic', 'joyful', 'biographical', 'biopic']",159.0,8.6098,7.444,3991.0,https://image.tmdb.org/t/p/w500/qBOKWqAFbveZ4ryjJJwbie6tXkQ.jpg,True
Monty Python and the Holy Grail,1975,4.0,,762.0,Monty Python and the Holy Grail,Monty Python and the Holy Grail,1975-04-03,"King Arthur, accompanied by his squire, recruits his Knights of the Round Table, including Sir Bedevere the Wise, Sir Lancelot the Brave, Sir Robin the Not-Quite-So-Brave-As-Sir-Lancelot and Sir Galahad the Pure. On the way, Arthur battles the Black Knight who, despite having had all his limbs chopped off, insists he can still fight. They reach Camelot, but Arthur decides not  to enter, as ""it is a silly place"".","['Adventure', 'Comedy', 'Fantasy']",Terry Jones,"['Graham Chapman', 'John Cleese', 'Eric Idle', 'Terry Gilliam', 'Terry Jones']","['holy grail', 'swordplay', 'england', 'monk', 'wedding reception', 'scotland yard', 'animal attack', 'camelot', 'round table', 'chapter', 'satire', 'parody', 'breaking the fourth wall', 'knight', 'king arthur', 'knights of the round table', '10th century', 'anarchic comedy', 'hilarious', 'cheerful', 'shaggy dog story']",91.0,10.2183,7.803,6568.0,https://image.tmdb.org/t/p/w500/7nTkHjETdGMYK1phHwDbPsrzbYl.jpg,True
Mystic River,2003,4.0,,322.0,Mystic River,Mystic River,2003-10-08,The lives of three men who were childhood friends are shattered when one of them suffers a family tragedy.,"['Thriller', 'Drama', 'Mystery', 'Crime']",Clint Eastwood,"['Sean Penn', 'Tim Robbins', 'Kevin Bacon', 'Laurence Fishburne', 'Marcia Gay Harden']","['child abuse', 'sexual abuse', ""workers' quarter"", 'based on novel or book', 'loss of loved one', 'suppressed past', 'boston, massachusetts', 'repayment', 'arbitrary law', 'loyalty', 'massachusetts', 'psychological thriller', 'whodunit', 'biting', 'guilt', 'childhood sexual abuse', 'mysterious', 'grim', 'vengeance', 'poker race', 'sex abuse', 'forceful']",138.0,15.6204,7.743,7642.0,https://image.tmdb.org/t/p/w500/hCHVDbo6XJGj3r2i4hVjKhE0GKF.jpg,True
Mean Girls,2024,1.5,"Nothing compared to the original, but stand alone still not good",673593.0,Mean Girls,Mean Girls,2024-01-10,"New student Cady Heron is welcomed into the top of the social food chain by the elite group of popular girls called ‘The Plastics,’ ruled by the conniving queen bee Regina George and her minions Gretchen and Karen. However, when Cady makes the major misstep of falling for Regina’s ex-boyfriend Aaron Samuels, she finds herself prey in Regina’s crosshairs. As Cady sets to take down the group’s apex predator with the help of her outcast friends Janis and Damian, she must learn how to stay true to herself while navigating the most cutthroat jungle of all: high school.",['Comedy'],Arturo Perez Jr.,"['Angourie Rice', 'Reneé Rapp', 'Auliʻi Cravalho', 'Jaquel Spivey', 'Avantika']","['high school', 'musical', 'illinois', 'female friendship', 'bullying', 'based on play or musical', 'kenya', 'teen movie', 'prom', 'teenage girl', 'homeschooling', 'math teacher', 'gossip', 'intervention', 'clique', 'former best friend', 'teen comedy', 'based on movie', 'public humiliation', 'aftercreditsstinger', 'woman director', 'teenage romance', 'high school rivalry', 'teenage life', 'manipulative friend', 'math genius', 'segregation', 'musical comedy', 'female bully', 'dumb blonde', 'high school romance']",113.0,11.7586,5.9,756.0,https://image.tmdb.org/t/p/w500/fbbj3viSUDEGT1fFFMNpHP1iUjw.jpg,True
Talk to Me,2022,3.0,,1118584.0,Talk to Me,ABWAB (أبواب),2022-10-24,"Farid, who works abroad, locks himself on the last day of his stay in Beirut in his son Rawad's room, to find what he is hiding there. Separated by a locked door, the dysfunctional dynamic between them intensifies, and the past resurfaces.",['Drama'],Ribal Chedid,['Fadi Abi Samra'],"['family drama', 'family', 'family dynamics', 'father son conflict', 'enclosed space', 'father son relationship', 'drama']",21.0,1.8713,0.0,0.0,https://image.tmdb.org/t/p/w500/9t7gUKSxXjvQpgHdC7VUhJ1BTBK.jpg,True
12 Angry Men,1997,4.0,Had only seen the original movie adaptation. Great performances in this one,12219.0,12 Angry Men,12 Angry Men,1997-08-17,"During the trial of a man accused of his father's murder, a lone juror takes a stand against the guilty verdict handed down by the others as a result of their preconceptions and prejudices.","['Drama', 'TV Movie']",William Friedkin,"['Courtney B. Vance', 'Ossie Davis', 'George C. Scott', 'Armin Mueller-Stahl', 'Dorian Harewood']","['death penalty', 'right and justice', 'court', 'judge', 'jurors', 'revelation', 'trial', 'jury', 'remake', 'lawyer', 'argument', 'xenophobia', 'judicial system']",117.0,7.0726,7.695,466.0,https://image.tmdb.org/t/p/w500/whDdYx3lh1LHTN0VlPFt51fX29g.jpg,True
L.A. Confidential,1997,4.0,I wanna be a '50s LA detective,2118.0,L.A. Confidential,L.A. Confidential,1997-09-19,Three detectives in the corrupt and brutal L.A. police force of the 1950s use differing methods to uncover a conspiracy behind the shotgun slayings of the patrons at an all-night diner.,"['Crime', 'Mystery', 'Thriller']",Curtis Hanson,"['Kevin Spacey', 'Russell Crowe', 'Guy Pearce', 'James Cromwell', 'Kim Basinger']","['corruption', 'based on novel or book', 'call girl', 'shotgun', 'detective', 'femme fatale', 'domestic violence', 'whodunit', 'corpse', 'district attorney', 'movie star', 'good cop bad cop', 'neo-noir', '1950s']",138.0,11.8503,7.806,5697.0,https://image.tmdb.org/t/p/w500/lWCgf5sD5FpMljjpkRhcC8pXcch.jpg,True
The Killer,2023,3.0,I liked how they kept playing the smiths but otherwise it was very meh,800158.0,The Killer,The Killer,2023-10-25,"After a fateful miss, an assassin battles his employers, and himself, on an international manhunt he insists isn't personal.","['Crime', 'Thriller']",David Fincher,"['Michael Fassbender', 'Tilda Swinton', 'Charles Parnell', 'Arliss Howard', ""Kerry O'Malley""]","['sniper', 'new york city', 'assassin', 'airport', 'paris, france', 'hitman', 'new orleans, louisiana', 'dark comedy', 'client', 'product placement', 'sociopath', 'revenge', 'murder', 'fate', 'lawyer', 'brutality', 'based on graphic novel', 'character study', 'perfectionist', 'hired killer', 'empathy', 'dominican republic', 'assassination attempt', 'cold blooded killer', 'detached', 'tampa, florida', 'satirical', 'manhunt', 'international manhunt', 'precision', 'gig economy', 'dark', 'clinical', 'psychological', 'secret', 'violence', 'suspenseful', 'intense', 'audacious', 'wry']",118.0,12.0369,6.58,2960.0,https://image.tmdb.org/t/p/w500/ipkcgvN7h3yZnbYowthloHLKsf4.jpg,True
The Alpinist,2021,4.0,RIP Marc,682587.0,The Alpinist,The Alpinist,2021-02-07,The life of Canadian mountain climber Marc-André Leclerc as he pushes the boundaries of climbing while on an expedition to Patagonia.,"['Documentary', 'Adventure']",Peter Mortimer,"['Marc-André Leclerc', 'Brette Harrington', 'Alex Honnold', 'Reinhold Messner', 'Ueli Steck']","['mountain', 'biography', 'climbing', 'patagonia, argentina', 'mountain climbing', 'mountaineering', 'british columbia', 'alpine climbing', 'escalade', 'solo climbing', 'mountain pioneer']",93.0,3.5219,7.768,185.0,https://image.tmdb.org/t/p/w500/tYbSGAVbyACEExptLu63CxCGm4O.jpg,True
A Clockwork Orange,1971,4.0,Watched a long time ago super disturbing in a great way,185.0,A Clockwork Orange,A Clockwork Orange,1971-10-28,"In a near-future Britain, young Alexander DeLarge and his pals get their kicks beating and raping anyone they please. When not destroying the lives of others, Alex swoons to the music of Beethoven. The state, eager to crack down on juvenile crime, gives an incarcerated Alex the option to undergo an invasive procedure that'll rob him of all personal agency. In a time when conscience is a commodity, can Alex change his tune?","['Science Fiction', 'Crime']",Stanley Kubrick,"['Malcolm McDowell', 'Patrick Magee', 'Carl Duering', 'Michael Bates', 'Warren Clarke']","['london, england', 'police brutality', 'robbery', 'street gang', 'great britain', 'based on novel or book', 'nihilism', 'parent child relationship', 'society', 'sexuality', 'social worker', 'psychopath', 'dystopia', 'dark comedy', 'satire', 'beating', 'juvenile delinquent', 'home invasion', 'sex crime', 'futuristic society', 'ultraviolence', 'social decay', 'malicious', 'dreary', 'audacious', 'mean spirited']",137.0,19.6626,8.17,14068.0,https://image.tmdb.org/t/p/w500/4sHeTAp65WrSSuc05nRBKddhBxO.jpg,True
Kingsman: The Secret Service,2014,3.5,Love freebird,207703.0,Kingsman: The Secret Service,Kingsman: The Secret Service,2015-01-24,The story of a super-secret spy organization that recruits an unrefined but promising street kid into the agency's ultra-competitive training program just as a global threat emerges from a twisted tech genius.,"['Crime', 'Comedy', 'Action', 'Adventure']",Matthew Vaughn,"['Taron Egerton', 'Colin Firth', 'Samuel L. Jackson', 'Mark Strong', 'Sophie Cookson']","['great britain', 'spy', 'secret organization', 'microchip', 'secret agent', 'training', 'based on comic', 'implant', 'united kingdom', 'duringcreditsstinger', 'global threat', 'abusive stepfather']",129.0,25.2527,7.617,18087.0,https://image.tmdb.org/t/p/w500/17i5YPTfHOjXoieArpATWGRhLj1.jpg,True
Fantastic Mr. Fox,2009,4.0,,10315.0,Fantastic Mr. Fox,Fantastic Mr. Fox,2009-10-14,"The Fantastic Mr. Fox, bored with his current life, plans a heist against the three local farmers. The farmers, tired of sharing their chickens with the sly fox, seek revenge against him and his family.","['Adventure', 'Animation', 'Comedy', 'Family']",Wes Anderson,"['George Clooney', 'Meryl Streep', 'Jason Schwartzman', 'Eric Chase Anderson', 'Wallace Wolodarsky']","['based on novel or book', 'tree', 'peasant', 'fox', 'villain', 'cider', 'tale', 'farm life', 'anthropomorphism', 'caper', 'revenge', 'stop motion', 'candid', '3d animation', 'dramatic', 'intense', 'admiring', 'ambiguous', 'euphoric']",87.0,12.5395,7.823,6282.0,https://image.tmdb.org/t/p/w500/bOVr292mwn3jxr1e0NmUPM1rcjo.jpg,True
Dune,2021,4.5,A must watch it's got it all,438631.0,Dune,Dune,2021-09-15,"Paul Atreides, a brilliant and gifted young man born into a great destiny beyond his understanding, must travel to the most dangerous planet in the universe to ensure the future of his family and his people. As malevolent forces explode into conflict over the planet's exclusive supply of the most precious resource in existence - a commodity capable of unlocking humanity's greatest potential - only those who can conquer their fear will survive.","['Science Fiction', 'Adventure']",Denis Villeneuve,"['Timothée Chalamet', 'Rebecca Ferguson', 'Oscar Isaac', 'Jason Momoa', 'Stellan Skarsgård']","['empire', 'future', 'army', 'based on novel or book', 'prophecy', 'dystopia', 'emperor', 'sand', 'spice', 'chosen one', 'hallucinogen', 'treason', 'baron', 'revenge', 'premonition', 'betrayal', 'space', 'water shortage', 'creature', 'desert', 'knife fight', 'destiny', 'giant worm', 'space opera', 'sand dune', 'messiah', 'complex', 'mother son relationship', 'giant creature']",155.0,43.4194,7.784,15445.0,https://image.tmdb.org/t/p/w500/v1tRXZ4JtD2Iv6fjkPvT4GiwslV.jpg,True
Dune: Part Two,2024,5.0,"It's like GOT, Star Wars and mad max all in one movie. Absolutely fantastic.",693134.0,Dune: Part Two,Dune: Part Two,2024-02-27,"Follow the mythic journey of Paul Atreides as he unites with Chani and the Fremen while on a path of revenge against the conspirators who destroyed his family. Facing a choice between the love of his life and the fate of the known universe, Paul endeavors to prevent a terrible future only he can foresee.","['Science Fiction', 'Adventure']",Denis Villeneuve,"['Timothée Chalamet', 'Zendaya', 'Rebecca Ferguson', 'Javier Bardem', 'Josh Brolin']","['based on novel or book', 'sandstorm', 'chosen one', 'sequel', 'distant future', 'creature', 'planet', 'desert', 'destiny', 'giant worm', 'space opera', 'sand dune', 'allegorical', 'messiah', 'fall from grace', 'vengeance', 'religious allegory', 'giant creature', 'power', 'ambiguous', 'antagonistic', 'melodramatic']",167.0,35.7196,8.134,8473.0,https://image.tmdb.org/t/p/w500/6izwz7rsy95ARzTR3poZ8H6c5pp.jpg,True
One Life,2023,3.5,Was expecting kung fu panda 4 but got this instead. Quite different but really good.,760774.0,One Life,One Life,2023-12-21,"British stockbroker Nicholas Winton visits Czechoslovakia in the 1930s and forms plans to assist in the rescue of Jewish children before the onset of World War II, in an operation that came to be known as the Kindertransport.","['History', 'Drama']",James Hawes,"['Anthony Hopkins', 'Johnny Flynn', 'Lena Olin', 'Romola Garai', 'Alex Sharp']","['world war ii', 'deportation', 'czechoslovakia', 'biography', 'based on true story', 'refugee train', 'war hero', 'nazi invasion', 'jewish family', 'kindertransport', 'jewish refugee', '1930s', 'semi-biographical', 'pre-war', 'jewish history', 'jews', 'nazi germany', 'jews in hiding', 'dramatic', 'jewish child', 'jewish community', 'empathetic']",109.0,7.2825,7.776,982.0,https://image.tmdb.org/t/p/w500/yvnIWt2j8VnDgwKJE2VMiFMa2Qo.jpg,True
X,2022,1.5,Don't watch this,760104.0,X,X,2022-03-17,"In 1979, a group of young filmmakers set out to make an adult film in rural Texas, but when their reclusive, elderly hosts catch them in the act, the cast find themselves fighting for their lives.",['Horror'],Ti West,"['Mia Goth', 'Jenna Ortega', 'Brittany Snow', 'Kid Cudi', 'Martin Henderson']","['van', 'pornography', 'sheriff', 'war veteran', 'gas station', 'shotgun', '1970s', 'texas', 'alligator', 'porn star', 'serial killer', 'slasher', 'violent death', 'porn actress', 'elderly couple', 'farm house', 'isolated farmhouse', 'existentialism', 'adult filmmaking', 'televangelist', 'intimate', 'pastiche', 'compassionate']",106.0,16.879,6.708,4108.0,https://image.tmdb.org/t/p/w500/lopZSVtXzhFY603E9OqF7O1YKsh.jpg,True
Barbie,2023,3.0,,346698.0,Barbie,Barbie,2023-07-19,"Barbie and Ken are having the time of their lives in the colorful and seemingly perfect world of Barbie Land. However, when they get a chance to go to the real world, they soon discover the joys and perils of living among humans.","['Comedy', 'Adventure', 'Fantasy']",Greta Gerwig,"['Margot Robbie', 'Ryan Gosling', 'America Ferrera', 'Ariana Greenblatt', 'Issa Rae']","['feminism', 'satire', 'patriarchy', 'social satire', 'based on toy', 'female protagonist', 'fish out of water', 'womanhood', 'doll', 'reality vs fantasy', 'fantasy world', 'motherhood', 'existentialism', 'woman director', 'satirical', 'misandry', 'mother daughter relationship', 'adventure comedy', 'introspective', 'inspirational', 'gender discrimination', 'hilarious', 'secret world', 'celebratory', 'hopeful', 'powerful']",114.0,28.7806,6.912,11487.0,https://image.tmdb.org/t/p/w500/iuFNMS8U5cb6xfzi51Dbkovj7vM.jpg,True
A Haunting in Venice,2023,3.0,Love whodunnits but these are like all the same now just in a different setting,945729.0,A Haunting in Venice,A Haunting in Venice,2023-09-13,"Celebrated sleuth Hercule Poirot, now retired and living in self-imposed exile in Venice, reluctantly attends a Halloween séance at a decaying, haunted palazzo. When one of the guests is murdered, the detective is thrust into a sinister world of shadows and secrets.","['Mystery', 'Thriller', 'Crime']",Kenneth Branagh,"['Kenneth Branagh', 'Kyle Allen', 'Camille Cottin', 'Jamie Dornan', 'Tina Fey']","['based on novel or book', 'venice, italy', 'loss of loved one', 'detective', 'medium', 'sequel', 'grief', 'whodunit', 'investigator', 'guilt', 'novelist', 'post world war ii', 'murder investigation', 'ghost', 'séance', 'mysterious', 'murder mystery', 'spiritism', 'halloween night', 'palazzo', 'retired detective']",104.0,14.5822,6.563,2935.0,https://image.tmdb.org/t/p/w500/l6iwxT0NbVw6QiF08YTIuTnXS82.jpg,True
Black Panther,2018,3.0,"Cool movie held back by cringe humor and a ""what are those"" joke that I'm sure was just as cringey in 2018",284054.0,Black Panther,Black Panther,2018-02-13,"King T'Challa returns home to the reclusive, technologically advanced African nation of Wakanda to serve as his country's new leader. However, T'Challa soon finds that he is challenged for the throne by factions within his own country as well as without. Using powers reserved to Wakandan kings, T'Challa assumes the Black Panther mantle to join with ex-girlfriend Nakia, the queen-mother, his princess-kid sister, members of the Dora Milaje (the Wakandan 'special forces') and an American secret agent, to prevent Wakanda from being dragged into a world war.","['Action', 'Adventure', 'Science Fiction']",Ryan Coogler,"['Chadwick Boseman', 'Michael B. Jordan', ""Lupita Nyong'o"", 'Danai Gurira', 'Martin Freeman']","['africa', 'superhero', 'based on comic', 'aftercreditsstinger', 'duringcreditsstinger', 'marvel cinematic universe (mcu)']",135.0,25.2803,7.362,23884.0,https://image.tmdb.org/t/p/w500/uxzzxijgPIY7slzFvMotPv8wjKA.jpg,True
Anatomy of a Fall,2023,4.5,Deserved all the Oscars. Cool seeing the French alps after I was just there. So so good,915935.0,Anatomy of a Fall,Anatomie d'une chute,2023-08-23,"A woman is suspected of her husband's murder, and their blind son faces a moral dilemma as the sole witness.","['Thriller', 'Mystery', 'Crime']",Justine Triet,"['Sandra Hüller', 'Swann Arlaud', 'Milo Machado-Graner', 'Antoine Reinartz', 'Samuel Theis']","['husband wife relationship', 'winter', 'bisexuality', 'moral conflict', 'autopsy', 'blind', 'courtroom', 'lgbt', 'death of husband', 'woman director', 'moral dilemma', 'courtroom drama', 'mother son relationship', 'introspective', 'bisexual woman', 'grenoble', 'suspenseful', 'intense', 'amused', 'human mystery']",151.0,14.5457,7.513,3438.0,https://image.tmdb.org/t/p/w500/1ho0d4LNZw3Y0voeKmSvPSgJOJ2.jpg,True
The Babadook,2014,3.0,Good scary movie. Like hereditary but slightly less scary,242224.0,The Babadook,The Babadook,2014-05-22,A grieving single mother and her child fall into a deep well of paranoia when an eerie children's book manifests in their home.,"['Drama', 'Horror']",Jennifer Kent,"['Essie Davis', 'Noah Wiseman', 'Hayley McElhinney', 'Daniel Henshall', 'Barbara West']","['monster', 'nightmare', 'parent child relationship', 'dysfunctional family', 'sleeplessness', 'single mother', 'grieving', 'woman director', 'death of spouse', 'behavioral disorders', 'psychological disorders', 'traumatized woman', 'adelaide australia', 'adelaide', 'depressing', 'horrified']",94.0,6.4282,6.538,6534.0,https://image.tmdb.org/t/p/w500/qt3fqapeo94TfvMyld8P7gkpXLz.jpg,True
Monkey Man,2024,4.0,I don't use the term rad often but this movie was rad,560016.0,Monkey Man,Monkey Man,2024-04-03,"Kid is an anonymous young man who ekes out a meager living in an underground fight club where, night after night, wearing a gorilla mask, he is beaten bloody by more popular fighters for cash. After years of suppressed rage, Kid discovers a way to infiltrate the enclave of the city’s sinister elite. As his childhood trauma boils over, his mysteriously scarred hands unleash an explosive campaign of retribution to settle the score with the men who took everything from him.","['Thriller', 'Crime', 'Action']",Dev Patel,"['Dev Patel', 'Sikandar Kher', 'Makrand Deshpande', 'Pitobash', 'Vipin Sharma']","['police brutality', 'corruption', 'social injustice', 'revenge thriller', 'indian politics', 'action thriller', 'night club', 'urban poverty', 'nationalist party', 'diwali festival', 'modern india', 'slums', 'village burning', 'underground fights', 'kitchen worker']",122.0,9.652,6.858,1494.0,https://image.tmdb.org/t/p/w500/4lhR4L2vzzjl68P1zJyCH755Oz4.jpg,True
The SpongeBob SquarePants Movie,2004,3.5,Obviously a re watch but insane how well this movie holds up and is so well written,11836.0,The SpongeBob SquarePants Movie,The SpongeBob SquarePants Movie,2004-11-19,"There's trouble brewing in Bikini Bottom. Someone has stolen King Neptune's crown, and it looks like Mr. Krab, SpongeBob's boss, is the culprit. Though he's just been passed over for the promotion of his dreams, SpongeBob stands by his boss, and along with his best pal Patrick, sets out on a treacherous mission to Shell City to reclaim the crown and save Mr. Krab's life.","['Adventure', 'Animation', 'Comedy', 'Family', 'Fantasy']",Stephen Hillenburg,"['Tom Kenny', 'Clancy Brown', 'Rodger Bumpass', 'Bill Fagerbakke', 'Mr. Lawrence']","['princess', 'sea', 'ocean', 'falsely accused', 'mermaid', 'villain', 'crown', 'based on cartoon', 'squid', 'crab', 'underwater', 'aftercreditsstinger', 'duringcreditsstinger', 'starfish', 'live action and animation', ""hero's journey"", 'neptune', 'based on tv series', 'admiring', 'adoring', 'approving', 'spongebob']",87.0,17.8607,7.105,3289.0,https://image.tmdb.org/t/p/w500/1rvzKV1d18EbDVaEd4VDzK3cgnY.jpg,True
Challengers,2024,3.5,Really liked it. The intense music starting up and blaring during every serious conversation was funny,937287.0,Challengers,Challengers,2024-04-18,"Tennis player turned coach Tashi has taken her husband, Art, and transformed him into a world-famous Major champion. To jolt him out of his recent losing streak, she signs him up for a ""Challenger"" event — close to the lowest level of pro tournament — where he finds himself standing across the net from his former best friend and Tashi's former boyfriend.","['Drama', 'Romance']",Luca Guadagnino,"['Zendaya', 'Mike Faist', ""Josh O'Connor"", 'Darnell Appling', 'Bryan Doo']","['infidelity', 'husband wife relationship', 'love triangle', 'sports', 'tennis', 'competition', 'eroticism', 'atlanta', 'tennis player', 'male friendship', 'rivalry', 'interracial marriage', 'threesome', 'tennis court', 'ex-boyfriend ex-girlfriend relationship', 'knee injury', 'new rochelle, new york', 'prodigy', 'tennis pro', '2000s', 'codependency', '2010s', 'gay theme', 'female coach', 'psychosexual', 'sports drama', 'power dynamics', 'ambiguous']",132.0,23.6701,6.9,2815.0,https://image.tmdb.org/t/p/w500/H6vke7zGiuLsz4v4RPeReb9rsv.jpg,True
The Naked Gun: From the Files of Police Squad!,1988,4.0,Leslie Nielsen is the goat,37136.0,The Naked Gun: From the Files of Police Squad!,The Naked Gun: From the Files of Police Squad!,1988-12-02,"When the bumbling Lieutenant Frank Drebin investigates events following the shooting of his partner, he stumbles upon an attempt to assassinate Queen Elizabeth II.","['Comedy', 'Crime']",David Zucker,"['Leslie Nielsen', 'Priscilla Presley', 'Ricardo Montalban', 'George Kennedy', 'O. J. Simpson']","['assassination', 'police', 'aquarium', 'baseball', 'satire', 'parody', 'slapstick comedy', 'los angeles, california', 'terrorism', 'illegal drugs', 'criminal investigation', 'buddy cop', 'hypnotize', 'anarchic comedy', 'good versus evil', 'based on tv series', 'exhilarated', 'bumbling detective']",86.0,13.1896,7.282,4642.0,https://image.tmdb.org/t/p/w500/zT0mhZqZQJE1gSY5Eg9qcGP4NYo.jpg,True
The Emperor's New Groove,2000,4.0,No joke one of my favorite movies can watch it a million times and never get tired of it,11688.0,The Emperor's New Groove,The Emperor's New Groove,2000-12-15,"When the self‑absorbed Emperor Kuzco is accidentally transformed into a llama, he must rely on a humble villager to survive the jungle and reclaim his throne.","['Adventure', 'Animation', 'Comedy', 'Family', 'Fantasy']",Mark Dindal,"['David Spade', 'John Goodman', 'Eartha Kitt', 'Patrick Warburton', 'Wendie Malick']","['central and south america', 'emperor', 'cartoon', 'incan empire', 'kids', 'lighthearted', 'animation', 'comedy', 'cartoons', 'amusing', 'llama', '2d animation']",78.0,19.5245,7.566,7438.0,https://image.tmdb.org/t/p/w500/wwbgkXQBEKtnyIJapk6gUgWkVw8.jpg,True
Game Night,2018,4.0,,445571.0,Game Night,Game Night,2018-02-15,"Max and Annie's weekly game night gets kicked up a notch when Max's brother Brooks arranges a murder mystery party -- complete with fake thugs and federal agents. So when Brooks gets kidnapped, it's all supposed to be part of the game. As the competitors set out to solve the case, they start to learn that neither the game nor Brooks are what they seem to be. The friends soon find themselves in over their heads as each twist leads to another unexpected turn over the course of one chaotic night.","['Mystery', 'Comedy', 'Crime']",John Francis Daley,"['Jason Bateman', 'Rachel McAdams', 'Kyle Chandler', 'Sharon Horgan', 'Billy Magnussen']","['jealousy', 'husband wife relationship', 'married couple', 'sarcasm', 'dark comedy', 'insult', 'revenge', 'neighbor', 'dog', 'game', 'group of friends', 'corvette stingray', 'creepy neighbor', 'aftercreditsstinger', 'embarrasment', 'brother brother relationship', 'board games', 'high concept']",100.0,10.9123,6.847,6440.0,https://image.tmdb.org/t/p/w500/85R8LMyn9f2Lev2YPBF8Nughrkv.jpg,True
The Parent Trap,1998,4.5,,9820.0,The Parent Trap,The Parent Trap,1998-07-28,"Hallie Parker and Annie James are identical twins who were separated at a young age due to their parents' divorce. Unbeknownst to their parents, the girls are sent to the same summer camp, where they meet, discover the truth about their relationship, and come up with a plan to switch places in an effort to reunite their mother and father.","['Comedy', 'Family', 'Romance']",Nancy Meyers,"['Lindsay Lohan', 'Dennis Quaid', 'Natasha Richardson', 'Elaine Hendrix', 'Lisa Ann Walter']","['california', 'summer camp', 'twin sister', 'remake', 'matchmaking', 'twins', 'family reunion', 'wedding dress', 'gold digger', 'twins separated at birth', 'identity swap', 'father daughter reunion', 'divorced parents', 'woman director', 'mother daughter reunion', 'calm', 'napa valley', 'sleepaway camp', 'father daughter relationship', 'mother daughter relationship', 'sister sister relationship', 'stop wedding', 'parent child reunion', 'relaxed', 'age-gap relationship', 'long lost sibling', 'romantic', 'cheerful', 'wedding sabotage']",128.0,18.1597,7.2,4628.0,https://image.tmdb.org/t/p/w500/p4dGmi8u9W0HHyVXcgWPoiFfKTF.jpg,True
Oppenheimer,2023,4.5,Watched this on my iPod touch while making dinner,872585.0,Oppenheimer,Oppenheimer,2023-07-19,The story of J. Robert Oppenheimer's role in the development of the atomic bomb during World War II.,"['Drama', 'History']",Christopher Nolan,"['Cillian Murphy', 'Emily Blunt', 'Matt Damon', 'Robert Downey Jr.', 'Florence Pugh']","['husband wife relationship', 'based on novel or book', 'atomic bomb', 'patriotism', 'new mexico', 'world war ii', 'atomic bomb test', 'physics', 'biography', 'based on true story', 'antisemitism', 'interrogation', 'guilt', 'historical event', 'nuclear weapons', 'communism', 'red scare', 'mccarthyism', 'top secret project', 'moral dilemma', 'usa politics', '1940s', '20th century', 'manhattan project', 'los alamos']",181.0,46.7264,8.022,12367.0,https://image.tmdb.org/t/p/w500/8Gxv8gSFCU0XGDykEGv7zR1n2ua.jpg,True
Midnight in Paris,2011,4.5,,59436.0,Midnight in Paris,Midnight in Paris,2011-05-11,"While on a trip to Paris with his fiancée's family, a nostalgic screenwriter finds himself mysteriously going back to the 1920s every day at midnight.","['Fantasy', 'Comedy', 'Romance']",Woody Allen,"['Owen Wilson', 'Rachel McAdams', 'Kathy Bates', 'Kurt Fuller', 'Adrien Brody']","['paris, france', 'based on novel or book', 'detective', 'screenwriter', 'camping', 'diary', 'time travel', 'forbidden love', 'painter', 'midnight', 'nostalgia', 'past', 'versailles', 'sculpture', 'romance', 'magic realism', 'nostalgic', 'art history', 'back in time', 'wine drinking']",94.0,11.2243,7.509,7860.0,https://image.tmdb.org/t/p/w500/4wBG5kbfagTQclETblPRRGihk0I.jpg,True
Boogie Nights,1997,4.0,Great movie fantastic music,4995.0,Boogie Nights,Boogie Nights,1997-10-07,"In 1977, an idealistic porn producer and his promising protege try to catch up with the end of an era before their never-ending party collides with cold, hard reality.","['Drama', 'Comedy']",Paul Thomas Anderson,"['Mark Wahlberg', 'Burt Reynolds', 'Julianne Moore', 'John C. Reilly', 'Heather Graham']","[""new year's eve"", 'adultery', 'pornography', 'robbery', 'husband wife relationship', 'drug abuse', '1970s', 'cocaine', 'porn actor', 'custody battle', 'melancholy', 'rags to riches', 'coming of age', 'alter ego', 'los angeles, california', 'drugs', 'porn industry', 'disco', 'voyeurism', 'curious', '1980s', 'candid', 'big dick', 'mother son relationship', 'introspective', 'dramatic', 'admiring', 'audacious', 'euphoric']",156.0,10.881,7.638,3670.0,https://image.tmdb.org/t/p/w500/2hVSN9yOfoI8EUTqcVW6zCIyQ1G.jpg,True
Get Smart,2008,3.5,So stupid yet so incredible,11665.0,Get Smart,Get Smart,2008-06-19,"When members of the nefarious crime syndicate KAOS attack the U.S. spy agency Control and the identities of secret agents are compromised, the Chief has to promote hapless but eager analyst Maxwell Smart to field agent. He is partnered with veteran and capable Agent 99, the only spy whose cover remains intact. Can they work together to thwart the evil world-domination plans of KAOS and its crafty operative?","['Action', 'Comedy', 'Thriller']",Peter Segal,"['Steve Carell', 'Anne Hathaway', 'Dwayne Johnson', 'Alan Arkin', 'Terence Stamp']","['dancing', 'mission', 'usa president', 'washington dc, usa', 'airplane', 'undercover agent', 'spy', 'sarcasm', 'bakery', 'los angeles, california', 'terrorism', 'secret service', 'government agent', 'weight loss', 'secret headquarters', 'world domination', 'moscow, russia', 'hand to hand combat', 'field agent', 'ineptitude', 'vice president', 'criminal organization', 'homeland security', 'spycraft', 'based on tv series', 'smolensk']",110.0,11.5636,6.219,3987.0,https://image.tmdb.org/t/p/w500/sZUjbtUS8qxXp4mj90evnqPJqX7.jpg,True
Gladiator,2000,4.5,,98.0,Gladiator,Gladiator,2000-05-04,"After the death of Emperor Marcus Aurelius, his devious son takes power and demotes Maximus, one of Rome's most capable generals who Marcus preferred. Eventually, Maximus is forced to become a gladiator and battle to the death against other men for the amusement of paying audiences.","['Action', 'Drama', 'Adventure']",Ridley Scott,"['Russell Crowe', 'Joaquin Phoenix', 'Connie Nielsen', 'Oliver Reed', 'Richard Harris']","['gladiator', 'rome, italy', 'arena', 'senate', 'roman empire', 'parent child relationship', 'emperor', 'slavery', 'ancient rome', 'revenge', 'battlefield', 'slave auction', 'historical fiction', 'ancient world', 'period drama', 'combat', 'chariot', 'philosopher', 'grim', 'barbarian horde', '2nd century', 'successor', 'commodus', 'maximus', 'antiquity', 'gladiador']",155.0,36.3152,8.231,21392.0,https://image.tmdb.org/t/p/w500/wN2xWp1eIwCKOD0BHTcErTBv1Uq.jpg,True
Point Break,1991,4.0,Love this movie so much just some of the acting and parts of the writing are pretty bad,1089.0,Point Break,Point Break,1991-07-12,"In Los Angeles, a gang of bank robbers who call themselves The Ex-Presidents commit their crimes while wearing masks of Reagan, Carter, Nixon and Johnson. Believing that the members of the gang could be surfers, the F.B.I. sends young agent Johnny Utah to the beach undercover to mix with the surfers and gather information.","['Action', 'Thriller', 'Crime']",Kathryn Bigelow,"['Keanu Reeves', 'Patrick Swayze', 'Lori Petty', 'Gary Busey', 'John C. McGinley']","['surfing', 'surfer', 'undercover agent', 'self-destruction', 'fbi', 'extreme sports', 'moral conflict', 'skydiving', 'los angeles, california', 'bank robbery', 'undercover operation', 'woman director', 'ex-president', 'robbery gang', 'fbi agent', 'action thriller', 'excited', 'fbi operation']",122.0,12.7234,7.152,4107.0,https://image.tmdb.org/t/p/w500/tlbERIghrQ4oofqlbF7H0K0EYnx.jpg,True
Heat,1995,5.0,Watched a while ago but never rated. Pacino and Deniro facing off instant classic,949.0,Heat,Heat,1995-12-15,Obsessive master thief Neil McCauley leads a top-notch crew on various daring heists throughout Los Angeles while determined detective Vincent Hanna pursues him without rest. Each man recognizes and respects the ability and the dedication of the other even though they are aware their cat-and-mouse game may end in violence.,"['Crime', 'Drama', 'Action']",Michael Mann,"['Al Pacino', 'Robert De Niro', 'Val Kilmer', 'Jon Voight', 'Tom Sizemore']","['robbery', 'chase', 'gangster', 'obsession', 'detective', 'heist', 'remake', 'thief', 'honor', 'murder', 'betrayal', 'gang', 'los angeles, california', 'cat and mouse', 'bank robbery', 'criminal mastermind', 'ex-con', 'one last job', 'loner', 'bank job', 'neo-noir', 'crime epic', 'assertive', 'authoritarian', 'bold']",170.0,26.3789,7.944,8626.0,https://image.tmdb.org/t/p/w500/gKaePbkEkaqvMtw74EyhhkfCKKh.jpg,True
Longlegs,2024,3.5,I really liked the overall atmosphere of the movie especially the old videos they would show. Nicholas cage was a convincing psychopath once you got over the fact that it was nick cage. The story was good up until the resolution where they were just like yeah it actually is this magic orb and it was the devil the whole time. Was the mom brainwashed or was she really only doing it for Lee and if that's the case why not turn in nick cage it was just one guy. Maybe I missed something but I enjoyed it.,1226578.0,Longlegs,Longlegs,2024-07-10,"FBI Agent Lee Harker is a gifted new recruit assigned to the unsolved case of an elusive serial killer. As the case takes complex turns, unearthing evidence of the occult, Harker discovers a personal connection to the merciless killer and must race against time to stop him before he claims the lives of another innocent family.","['Crime', 'Horror', 'Mystery']",Osgood Perkins,"['Maika Monroe', 'Nicolas Cage', 'Blair Underwood', 'Alicia Witt', 'Michelle Choi-Lee']","['homicide', 'fbi', 'religion and supernatural', 'haunting', 'satanism', 'barn', 'satanist', 'code', 'oregon, usa', 'flashback', 'murder', 'serial killer', 'religion', 'female protagonist', 'corpse', 'series of murders', 'violent death', 'killing spree', 'catholic', 'death', 'death in family', 'occult', 'satanic cult', 'clairvoyant', 'crime spree', 'rookie', 'crime investigation', 'manic', 'sadistic psychopath', 'unsettling', 'scary doll', 'accomplice', '1990s', 'dread', 'creepy doll', 'psychological terror', 'complex', 'singing in a car', 'haunted doll', 'homicide investigation', 'supernatural horror', 'female investigator', 'children in danger', 'psychological horror']",101.0,11.2943,6.516,2830.0,https://image.tmdb.org/t/p/w500/1EwNyiiNFd863H4e8nWEzutnZD7.jpg,True
Moonage Daydream,2022,4.5,I loved this. Great music selection from his very large discography and loved the interview snippets and visuals. Been listening to sound and vision and the Low album a lot so I enjoyed its inclusion. A truly unique individual. I also found it interesting he mentioned being influenced by Kerouac's writing since I've heard my other favorite artists also reference him as an inspiration both in their art and lifestyle. I wish they spoke of his time in Montreaux since I was just there and saw where he and queen wrote and recorded under pressure.,957457.0,Moonage Daydream,Moonage Daydream,2022-09-15,A cinematic odyssey featuring never-before-seen footage exploring David Bowie's creative and musical journey.,"['Documentary', 'Music']",Brett Morgen,"['David Bowie', 'Lou Reed', 'Tina Turner', 'Russell Harty', 'Dick Cavett']","['rock star', 'singing', 'archive footage', 'superstar', 'old footage', 'semi-biographical', 'musical journey', 'personal journey', 'immersive', 'repurposed footage']",135.0,2.9339,7.433,284.0,https://image.tmdb.org/t/p/w500/xr4EYd4WHr3Z6MXIYR3tEzP6yuT.jpg,True
The Green Knight,2021,3.0,,559907.0,The Green Knight,The Green Knight,2021-07-29,"An epic fantasy adventure based on the timeless Arthurian legend, The Green Knight tells the story of Sir Gawain, King Arthur's reckless and headstrong nephew, who embarks on a daring quest to confront the eponymous Green Knight, a gigantic emerald-skinned stranger and tester of men.","['Adventure', 'Drama', 'Fantasy']",David Lowery,"['Dev Patel', 'Alicia Vikander', 'Joel Edgerton', 'Sarita Choudhury', 'Sean Harris']","['winter', 'fox', 'camelot', 'king arthur', 'middle ages (476-1453)', 'excalibur', 'knights of the round table', 'aftercreditsstinger', 'decapitated head', 'based on myths, legends or folklore', 'meditative', 'christmas', 'quest', 'philosophical', 'myth', 'gawain', 'cautionary', 'medieval knight', 'intense', 'earnest']",130.0,9.1434,6.589,2282.0,https://image.tmdb.org/t/p/w500/if4hw3Ou5Sav9Em7WWHj66mnywp.jpg,True
American Hustle,2013,3.5,Enjoyed this movie. Christian bale and J Law great performances,168672.0,American Hustle,American Hustle,2013-12-12,"A conman and his seductive partner are forced to work for a wild FBI agent, who pushes them into a world of Jersey power-brokers and the Mafia.","['Drama', 'Crime']",David O. Russell,"['Christian Bale', 'Bradley Cooper', 'Amy Adams', 'Jeremy Renner', 'Jennifer Lawrence']","['new jersey', '1970s', 'fbi', 'mayor', 'con artist', 'mobster', 'scam', 'hair', 'century', 'assertive', 'dubious']",138.0,10.0985,6.851,7882.0,https://image.tmdb.org/t/p/w500/z6O1KDhfWDTm5ZBr6Ovr0eg8LqO.jpg,True
Molly's Game,2017,3.0,"Love Aaron Sorkin, movie was p good",396371.0,Molly's Game,Molly's Game,2017-12-07,"Molly Bloom, a young skier and former Olympic hopeful becomes a successful entrepreneur (and a target of an FBI investigation) when she establishes a high-stakes, international poker game.","['Drama', 'Crime']",Aaron Sorkin,"['Jessica Chastain', 'Idris Elba', 'Kevin Costner', 'Michael Cera', 'Jeremy Strong']","['new york city', 'court', 'poker', 'gambling', 'bratva (russian mafia)', 'olympic games', 'fbi', 'biography', 'arrest', 'based on true story', 'celebrity', 'trial', 'beating', 'lawyer', 'female protagonist', 'los angeles, california', 'courtroom', 'ice skating', 'snow skiing', 'card playing', 'employer employee relationship', 'courtroom drama', 'high stakes', 'mob', 'father daughter relationship', 'admiring']",141.0,9.0261,7.156,4103.0,https://image.tmdb.org/t/p/w500/zrGQwKNmAz5awZI2V1k5M4eTTTN.jpg,True
Legally Blonde,2001,3.5,,8835.0,Legally Blonde,Legally Blonde,2001-07-13,"Fashionable sorority queen Elle Woods has it all, but, she wants nothing more than to be Mrs. Warner Huntington III. But he dumps her before heading to Harvard Law School. Elle rallies all of her resources and gets into Harvard, determined to win him back. While there, she figures out that there is more to herself than just good looks.",['Comedy'],Robert Luketic,"['Reese Witherspoon', 'Luke Wilson', 'Selma Blair', 'Matthew Davis', 'Victor Garber']","['father murder', 'blonde', 'superficiality', 'beauty salon', 'law school', 'murder', 'cynical', 'girl power', 'toy dog', 'chihuahua dog', 'blonde stereotype', 'proving oneself', 'murder confession']",96.0,12.6482,6.815,4687.0,https://image.tmdb.org/t/p/w500/9ohlMrJHQqKhfUKh7Zr3JQqHNLZ.jpg,True
A Quiet Place: Day One,2024,2.0,I got bored,762441.0,A Quiet Place: Day One,A Quiet Place: Day One,2024-06-26,"As New York City is invaded by alien creatures who hunt by sound, a woman named Sam fights to survive with her cat.","['Horror', 'Science Fiction', 'Thriller']",Michael Sarnoski,"[""Lupita Nyong'o"", 'Joseph Quinn', 'Alex Wolff', 'Djimon Hounsou', 'Eliane Umuhire']","['escape', 'cat', 'alien', 'prequel', 'survival', 'survivalist', 'fear', 'alien invasion', 'spin off', 'survival horror', 'alien monster', 'noise', 'silence', 'quiet', 'sci-fi horror']",100.0,14.4065,6.639,3535.0,https://image.tmdb.org/t/p/w500/hU42CRk14JuPEdqZG3AWmagiPAP.jpg,True
Deep Impact,1998,3.0,,8656.0,Deep Impact,Deep Impact,1998-05-08,"A seven-mile-wide space rock is hurtling toward Earth, threatening to obliterate the planet. Now, it's up to the president of the United States to save the world. He appoints a tough-as-nails veteran astronaut to lead a joint American-Russian crew into space to destroy the comet before impact. Meanwhile, an enterprising reporter uses her smarts to uncover the scoop of the century.","['Action', 'Drama', 'Science Fiction']",Mimi Leder,"['Robert Duvall', 'Téa Leoni', 'Elijah Wood', 'Vanessa Redgrave', 'Morgan Freeman']","['usa president', 'asteroid', 'nasa', 'natural disaster', 'space mission', 'comet', 'tsunami', 'meteorite', 'astronomer', 'astronaut', 'meteorologist', 'tidal wave', 'woman director', 'disaster movie', 'inspirational', 'celebratory', 'hopeful']",122.0,12.7095,6.24,3431.0,https://image.tmdb.org/t/p/w500/a3vQS7JKqlOb3MdVJHuTCP9s7Mg.jpg,True
Leave the World Behind,2023,2.5,Def very entertaining and I like the concept just was never fully invested,726209.0,Leave the World Behind,Leave the World Behind,2023-11-22,A family's getaway to a luxurious rental home takes an ominous turn when a cyberattack knocks out their devices—and two strangers appear at their door.,"['Drama', 'Mystery', 'Thriller']",Sam Esmail,"['Julia Roberts', 'Ethan Hawke', 'Mahershala Ali', ""Myha'la"", 'Farrah Mackenzie']","['based on novel or book', 'blackout', 'crisis', 'vacation', 'deer', 'apocalypse', 'armageddon', 'family', 'social issues', 'desperate', 'anxious', 'psychological', 'slow burn', 'house rental', 'disheartening', 'frightened', 'chilling']",140.0,14.1595,6.376,3390.0,https://image.tmdb.org/t/p/w500/29rhl1xopxA7JlGVVsf1UHfYPvN.jpg,True
Collateral,2004,3.0,,1538.0,Collateral,Collateral,2004-08-04,Cab driver Max picks up a man who offers him $600 to drive him around. But the promise of easy money sours when Max realizes his fare is an assassin.,"['Drama', 'Crime', 'Thriller']",Michael Mann,"['Tom Cruise', 'Jamie Foxx', 'Jada Pinkett Smith', 'Mark Ruffalo', 'Peter Berg']","['taxi', 'police', 'hitman', 'hostage', 'self-fulfilling prophecy', 'taxi driver', 'fbi', 'nightclub', 'briefcase', 'sociopath', 'train', 'professional hit', 'one night', 'gun violence', 'lapd', 'contract killer', 'neo-noir', 'cabbie', 'frantic', 'federal prosecutor', 'dreary', 'taxi ride', 'car', 'suspense thriller', 'los angeles airport (lax)', 'bold']",120.0,14.9005,7.249,6445.0,https://image.tmdb.org/t/p/w500/nV5316WUsVij8sVXLCF1g7TFitg.jpg,True
Baby Driver,2017,2.5,Idk it just didn't do it for me,339403.0,Baby Driver,Baby Driver,2017-06-28,"After being coerced into working for a crime boss, a young getaway driver finds himself taking part in a heist doomed to fail.","['Action', 'Crime']",Edgar Wright,"['Ansel Elgort', 'Kevin Spacey', 'Lily James', 'Jon Hamm', 'Jamie Foxx']","['robbery', 'waitress', 'atlanta', 'crime boss', 'romance', 'heist', 'getaway car', 'on the run', 'shootout', 'bank robbery', 'getaway driver', 'sign languages', 'armed robbery', 'hearing impaired', 'music', 'bewildered']",113.0,17.5178,7.444,17136.0,https://image.tmdb.org/t/p/w500/tYzFuYXmT8LOYASlFCkaPiAFAl0.jpg,True
We Live in Time,2024,3.5,,1100099.0,We Live in Time,We Live in Time,2024-10-10,"An up-and-coming chef and a recent divorcée find their lives forever changed when a chance encounter brings them together, in a decade-spanning, deeply moving romance.","['Romance', 'Drama']",John Crowley,"['Andrew Garfield', 'Florence Pugh', 'Grace Delaney', 'Lee Braithwaite', 'Aoife Hinds']","['marriage', 'father', 'family relationships', 'romance', 'love', 'parenthood', 'relationship', 'family', 'tearjerker', 'kids', 'sick mother', 'love story', 'moving', 'modern', 'sad', 'bittersweet', 'heartfelt', 'meaningful']",108.0,8.7475,7.2,1372.0,https://image.tmdb.org/t/p/w500/oeDNBgnlGF6rnyX1P1K8Vl2f3lW.jpg,True
Red Eye,2005,2.5,His accent threw me off the whole movie,11460.0,Red Eye,Red Eye,2005-08-10,"An overnight flight to Miami quickly becomes a battle for survival when Lisa realizes her seatmate plans to use her as part of a chilling assassination plot against the Deputy Secretary of Homeland Security. If she refuses to cooperate, her own father will be killed. As the miles tick by, she's in a race against time to find a way to warn the potential victims before it's too late.","['Thriller', 'Mystery']",Wes Craven,"['Rachel McAdams', 'Cillian Murphy', 'Brian Cox', 'Jayma Mays', 'Jack Scalia']","['hotel', 'airplane', 'airport', 'miami, florida', 'hitman', 'threat of death', 'flight', 'fear', 'political assassination', 'held captive', 'captive', 'surveillance', 'threat', 'hotel manager', 'operative', 'airplane trip', 'airport lounge', 'phone call', 'turbulence', 'domestic terrorism', 'homeland security', 'airplane setting', 'father daughter relationship', 'threatened woman', 'action thriller', 'delayed flight', 'suspenseful', 'intense', 'air travel', 'threat to family']",85.0,10.0362,6.396,2609.0,https://image.tmdb.org/t/p/w500/osLMnQIjDMmzLvXmOlIOlou9olp.jpg,True
Anora,2024,4.0,,1064213.0,Anora,Anora,2024-10-14,"A young sex worker from Brooklyn gets her chance at a Cinderella story when she meets and impulsively marries the son of an oligarch. Once the news reaches Russia, her fairytale is threatened as his parents set out to get the marriage annulled.","['Drama', 'Comedy', 'Romance']",Sean Baker,"['Mikey Madison', 'Mark Eydelshteyn', 'Yura Borisov', 'Karren Karagulian', 'Vache Tovmasyan']","[""new year's eve"", 'new york city', 'marriage', 'boardwalk', 'baptism', 'strip club', 'coney island', 'female protagonist', 'mansion', 'class differences', 'las vegas', 'lap dance', 'home invasion', 'drunk', 'sexual desire', 'brooklyn, new york city', 'screwball comedy', 'new york subway', 'hedonism', 'immaturity', 'city hall', 'exotic dancer', 'sex worker', 'naive children', 'female stripping', 'meddling parents', 'annulment', 'sex work', 'strip show', 'russian oligarch', 'sex', 'independent film', 'party', 'female rage', 'vegas wedding', 'romantic dramedy', 'cinderella story', 'brighton beach']",139.0,20.5456,7.078,3408.0,https://image.tmdb.org/t/p/w500/cgXk2tNYhJZLXdBDO5DidAVzQ82.jpg,True
Conclave,2024,4.5,Ralph Fiennes breathing loudly for two hours,974576.0,Conclave,Conclave,2024-10-25,"After the unexpected death of the Pope, Cardinal Lawrence is tasked with managing the covert and ancient ritual of electing a new one. Sequestered in the Vatican with the Catholic Church’s most powerful leaders until the process is complete, Lawrence finds himself at the center of a conspiracy that could lead to its downfall.","['Drama', 'Thriller']",Edward Berger,"['Ralph Fiennes', 'Stanley Tucci', 'John Lithgow', 'Isabella Rossellini', 'Lucian Msamati']","['vatican (holy see)', 'pope', 'religion', 'election', 'roman catholic church', 'catholicism', 'cardinal', 'philosophical', 'papal conclave', 'introspective', 'provocative', 'conspiracy thriller', 'critical', 'catholic monarchs', 'intense', 'comforting']",120.0,14.6992,7.19,3565.0,https://image.tmdb.org/t/p/w500/m5x8D0bZ3eKqIVWZ5y7TnZ2oTVg.jpg,True
My Old Ass,2024,4.0,Reminded me of boyhood,947891.0,My Old Ass,My Old Ass,2024-09-13,"An 18th birthday mushroom trip brings free-spirited Elliott face-to-face with her wisecracking 39-year-old self. But when Elliott’s ""old ass"" starts handing out warnings about what her younger self should and shouldn't do, Elliott realizes she has to rethink everything about family, love, and what's becoming a transformative summer.","['Drama', 'Comedy']",Megan Park,"['Maisy Stella', 'Aubrey Plaza', 'Percy Hynes White', 'Maddie Ziegler', 'Kerrice Brooks']","['canada', ""women's sexual identity"", 'time travel', 'romcom', 'time', 'coming of age', 'magic mushroom', 'drug trip', 'lgbt teen', 'young love', 'woman director', 'time paradox', 'summer cottage', 'message from the future', 'lake house', 'woman centric', 'non-binary', 'lesbian', 'independent film', 'bisexual woman', 'teenager', 'lesbian love', 'hilarious', 'gay teenager', 'adoring']",89.0,6.4019,6.774,512.0,https://image.tmdb.org/t/p/w500/yUs4Sw9AyTg2sA1qWBkNpD2mGSj.jpg,True
Heretic,2024,3.5,"Enjoyed the theological discussion, pretty good movie loved Hugh",1138194.0,Heretic,Heretic,2024-10-31,"Two young missionaries are forced to prove their faith when they knock on the wrong door and are greeted by a diabolical Mr. Reed, becoming ensnared in his deadly game of cat-and-mouse.","['Thriller', 'Horror']",Scott Beck,"['Hugh Grant', 'Sophie Thatcher', 'Chloe East', 'Topher Grace', 'Elle Young']","['faith', 'control', 'sociopath', 'religion', 'cat and mouse', 'held captive', 'religious hypocrisy', 'mormon missionary', 'trapped in a house', 'eccentric man', 'women of faith', 'ideological clash', 'psychological predator']",111.0,13.0413,6.965,2844.0,https://image.tmdb.org/t/p/w500/fr96XzlzsONrQrGfdLMiwtQjott.jpg,True
Glass Onion,2022,2.5,Entertaining but meh. Got in like 100 ads in 2 hours,661374.0,Glass Onion: A Knives Out Mystery,Glass Onion: A Knives Out Mystery,2022-11-23,World-famous detective Benoit Blanc heads to Greece to peel back the layers of a mystery surrounding a tech billionaire and his eclectic crew of friends.,"['Comedy', 'Crime', 'Mystery']",Rian Johnson,"['Daniel Craig', 'Edward Norton', 'Janelle Monáe', 'Kathryn Hahn', 'Leslie Odom Jr.']","['detective', 'greece', 'investigation', 'mona lisa (la gioconda)', 'dark comedy', 'satire', 'sequel', 'murder', 'billionaire', 'whodunit', 'puzzle box', 'clue', 'identical twin', 'murder mystery', 'arrested development', 'closeted homosexual', 'covid-19', 'offbeat']",140.0,13.8851,7.026,7105.0,https://image.tmdb.org/t/p/w500/vDGr1YdrlfbU9wxTOdpf3zChmv9.jpg,True
Red Dragon,2002,4.0,Big Ralph fiennes guy,9533.0,Red Dragon,Red Dragon,2002-10-02,"Former FBI Agent Will Graham, who was once almost killed by the savage Hannibal 'The Cannibal' Lecter, now has no choice but to face him again, as it seems Lecter is the only one who can help Graham track down a new serial killer.","['Crime', 'Thriller', 'Horror']",Brett Ratner,"['Edward Norton', 'Anthony Hopkins', 'Ralph Fiennes', 'Emily Watson', 'Harvey Keitel']","['based on novel or book', 'psychopath', 'fbi', 'murder', 'serial killer', 'psychological thriller', 'cannibal', 'biting', 'macabre', 'dentures', 'megalomania', 'mind game', 'disturbed', 'tabloid reporter', 'chloroform', 'police profiling', 'psychotronic film', 'fbi agent', 'cannibalism', 'psychological horror', 'hannibal lecter', 'suspenseful', 'stethoscope', 'sinister', 'distressing', 'excited', 'frightened', 'horrified', 'psychological profiling', 'crime thriller', 'crime horror']",124.0,3.0399,7.047,4832.0,https://image.tmdb.org/t/p/w500/ou9ZKA2cms02b7CdCdVqGkKu0O0.jpg,True
Hit Man,2023,3.0,Enjoyed it a lot more than I thought I would I was expecting it to suck,974635.0,Hit Man,Hit Man,2024-05-16,A mild-mannered professor moonlighting as a fake hit man in police stings ignites a chain reaction of trouble when he falls for a potential client.,"['Comedy', 'Romance', 'Crime']",Richard Linklater,"['Glen Powell', 'Adria Arjona', 'Austin Amelio', 'Retta', 'Sanjay Rao']","['hitman', 'identity', 'professor', 'new orleans, louisiana', 'romcom', 'disguise', 'screwball comedy', 'undercover operation', 'sting operation', 'based on magazine, newspaper or article', 'persona', 'moonlighting']",116.0,11.8443,6.782,1734.0,https://image.tmdb.org/t/p/w500/oil3EZwKFp3CWxZnfGfGglesvm9.jpg,True
Midnight Run,1988,3.0,,9013.0,Midnight Run,Midnight Run,1988-07-20,"A bounty hunter pursues a former Mafia accountant who is also being chased by a rival bounty hunter, the F.B.I., and his old mob boss after jumping bail.","['Comedy', 'Crime', 'Thriller']",Martin Brest,"['Robert De Niro', 'Charles Grodin', 'Yaphet Kotto', 'John Ashton', 'Dennis Farina']","['crooked lawyer', 'road trip', 'buddy', 'buddy comedy', 'bail jumper', 'mafia accountant', 'stretch limousine', 'manhattan, new york city', 'southwestern u.s.', 'bus station', 'police surveillance']",126.0,6.1312,7.182,1328.0,https://image.tmdb.org/t/p/w500/yx0touyDQ9enWDsFgS4MbBwCSNd.jpg,True
Woman of the Hour,2023,3.5,Love the vibe,835113.0,Woman of the Hour,Woman of the Hour,2024-10-03,"An aspiring actress crosses paths with a prolific serial killer in '70s LA when they're cast on an episode of ""The Dating Game.""","['Crime', 'Drama', 'Thriller']",Anna Kendrick,"['Anna Kendrick', 'Daniel Zovatto', 'Nicolette Robinson', 'Jedidiah Goodacre', 'Autumn Best']","['new york city', 'california', 'wyoming, usa', 'rape', 'photographer', '1970s', 'based on true story', 'serial killer', 'female protagonist', 'true crime', 'audition', 'woman director', 'sexual assault', 'social issues', 'aspiring actress', '20th century', 'actress', 'violence', 'tragic', 'chilling']",95.0,5.2679,6.389,1091.0,https://image.tmdb.org/t/p/w500/nc9ZqrJFbcUdlMg9lxXXtJb24jU.jpg,True
The Wonderful Story of Henry Sugar,2023,3.0,I like this,923939.0,The Wonderful Story of Henry Sugar,The Wonderful Story of Henry Sugar,2023-09-20,A rich man learns about a guru who can see without using his eyes. He sets out to master the skill in order to cheat at gambling.,"['Comedy', 'Fantasy', 'Adventure', 'Drama']",Wes Anderson,"['Ralph Fiennes', 'Benedict Cumberbatch', 'Dev Patel', 'Ben Kingsley', 'Richard Ayoade']","['london, england', 'card game', 'casino', 'based on novel or book', 'gambling', 'charity', 'training', 'wealth', 'breaking the fourth wall', 'calcutta', 'storytelling', 'story within the story', '1930s', 'yogi', 'informative']",39.0,6.2943,7.26,1476.0,https://image.tmdb.org/t/p/w500/fDUywEHwHh6nsLnVXAdPN9m4ZUG.jpg,True
Home Alone,1990,4.0,,771.0,Home Alone,Home Alone,1990-11-16,"Eight-year-old Kevin McCallister makes the most of the situation after his family unwittingly leaves him behind when they go on Christmas vacation. When thieves try to break into his home, he puts up a fight like no other.","['Comedy', 'Family']",Chris Columbus,"['Macaulay Culkin', 'Joe Pesci', 'Daniel Stern', 'John Heard', 'Roberts Blossom']","['burglar', 'holiday', 'home', 'alone', 'family relationships', 'slapstick comedy', 'little boy', 'home invasion', 'precocious child', 'booby trap', 'home alone', 'suburban chicago', 'mischievous child', 'christmas', 'kids on their own', 'child rescue', 'burglars', 'mischievous', 'lighthearted', 'joyous', 'hilarious', 'enthusiastic', 'joyful', 'wet bandits']",103.0,1.6968,7.469,12774.0,https://image.tmdb.org/t/p/w500/onTSipZ8R3bliBdKfPtsDuHTdlL.jpg,True
The Holdovers,2023,4.5,This is how you should feel while watching a movie,840430.0,The Holdovers,The Holdovers,2023-10-27,"A curmudgeonly instructor at a New England prep school is forced to remain on campus during Christmas break to babysit the handful of students with nowhere to go. Eventually, he forms an unlikely bond with one of them — a damaged, brainy troublemaker — and with the school’s head cook, who has just lost a son in Vietnam.","['Drama', 'Comedy']",Alexander Payne,"['Paul Giamatti', 'Dominic Sessa', ""Da'Vine Joy Randolph"", 'Carrie Preston', 'Brady Hepner']","['vietnam war', 'winter', 'boarding school', 'holiday', 'boston, massachusetts', '1970s', 'melancholy', 'alcoholism', 'grief', 'misfit', 'mental illness', 'teacher student relationship', 'new england', ""boys' boarding school"", 'christmas', 'winter break', 'troubled youth', 'loss of son', 'christmastime', 'cook', 'adoring']",133.0,14.6235,7.643,2645.0,https://image.tmdb.org/t/p/w500/VHSzNBTwxV8vh7wylo7O9CLdac.jpg,True
A Complete Unknown,2024,4.5,Full of great music Timmy did a great job. Would love to party in the 60s with subterranean homesick blues playing in the background.,661539.0,A Complete Unknown,A Complete Unknown,2024-12-25,"New York, early 1960s. Against the backdrop of a vibrant music scene and tumultuous cultural upheaval, an enigmatic 19-year-old from Minnesota arrives in the West Village with his guitar and revolutionary talent, destined to change the course of American music.","['Drama', 'Music']",James Mangold,"['Timothée Chalamet', 'Edward Norton', 'Elle Fanning', 'Monica Barbaro', 'Scoot McNairy']","['new york city', 'based on novel or book', 'musician', 'biography', 'folk music', 'music history', 'singer-songwriter', 'greenwich village', '1960s', 'artistic risk', 'fictionalized history', 'electric guitar', 'acoustic folk']",141.0,9.6451,7.1,1541.0,https://image.tmdb.org/t/p/w500/llWl3GtNoXosbvYboelmoT459NM.jpg,True
Nosferatu,2024,3.0,I didn't like when he ate the birds head,426063.0,Nosferatu,Nosferatu,2024-12-25,"A gothic tale of obsession between a haunted young woman and the terrifying vampire infatuated with her, causing untold horror in its wake.","['Horror', 'Fantasy']",Robert Eggers,"['Lily-Rose Depp', 'Nicholas Hoult', 'Bill Skarsgård', 'Aaron Taylor-Johnson', 'Willem Dafoe']","['cold', 'based on novel or book', 'vampire', 'necrophilia', 'eroticism', 'possession', 'würzburg', 'remake', 'gothic horror', 'gothic', 'desire', 'somnambulism', 'plague', '19th century', 'dread', 'gothic romance', 'drinking blood', 'supernatural horror', 'dracula', 'grimdark', 'period piece', '1830s', 'nightmares', 'incredulous', 'bold']",133.0,19.6227,6.714,3923.0,https://image.tmdb.org/t/p/w500/5qGIxdEO841C0tdY8vOdLoRVrr0.jpg,True
The Brutalist,2024,4.5,"Can he now make a movie about the Haussmann renovation of Paris I think that'd be my favorite movie of all time.

Pre-intermission: 6/5 
Post intermission: 4/5 

4.9999999",549509.0,The Brutalist,The Brutalist,2024-12-20,"When an innovative modern architect flees post-war Europe, he is given the opportunity to rebuild his legacy. Set during the dawn of the modern United States (in Pennsylvania), his wife joins him, and their lives are forever changed by a demanding, wealthy patron.",['Drama'],Brady Corbet,"['Adrien Brody', 'Felicity Jones', 'Guy Pearce', 'Joe Alwyn', 'Raffey Cassidy']","['new york city', 'immigrant', 'husband wife relationship', 'philadelphia, pennsylvania', 'venice, italy', 'capitalism', 'pennsylvania, usa', 'drug addiction', 'architect', 'american dream', 'exploitation', 'holocaust (shoah) survivor', 'architecture', 'period drama', 'post world war ii', 'heroin addict', 'sexual assault', 'ellis island', '1940s', '1980s', '1950s', 'male domination', 'visionary', 'slow burn', 'hungarian', 'psychological drama']",215.0,38.0679,6.933,1781.0,https://image.tmdb.org/t/p/w500/vP7Yd6couiAaw9jgMd5cjMRj3hQ.jpg,True
The Perks of Being a Wallflower,2012,4.5,Heroes is the best song ever im glad they appreciate it too. I love how they shared music I want to give and receive mixtapes and playlists like that.,84892.0,The Perks of Being a Wallflower,The Perks of Being a Wallflower,2012-09-20,"Pittsburgh, Pennsylvania, 1991. High school freshman Charlie is a wallflower, always watching life from the sidelines, until two senior students, Sam and her stepbrother Patrick, become his mentors, helping him discover the joys of friendship, music and love.",['Drama'],Stephen Chbosky,"['Logan Lerman', 'Emma Watson', 'Ezra Miller', 'Mae Whitman', 'Kate Walsh']","['school friend', 'depression', 'high school', 'friendship', 'based on novel or book', 'trauma', 'melancholy', 'coming of age', 'freshman', 'school', 'teenage boy', 'high school student', 'first love', 'aunt nephew relationship', 'lgbt', 'mental health', 'lgbt teen', 'teen drama', 'pittsburgh, pennsylvania', '1990s', 'based on young adult novel', 'gay theme', ""boys' love (bl)"", 'teenager']",103.0,15.0783,7.8,11412.0,https://image.tmdb.org/t/p/w500/aKCvdFFF5n80P2VdS7d8YBwbCjh.jpg,True
Wolfs,2024,3.0,"Very entertaining, great for a plane watch",877817.0,Wolfs,Wolfs,2024-09-20,"Hired to cover up a high-profile crime, a fixer soon finds his night spiralling out of control when he's forced to work with an unexpected counterpart.","['Crime', 'Comedy']",Jon Watts,"['George Clooney', 'Brad Pitt', 'Austin Abrams', 'Amy Ryan', 'Poorna Jagannathan']","['dark comedy', 'lone wolf', 'drugs', 'buddy comedy', 'duringcreditsstinger', 'drug kingpin', 'hit gone wrong', 'crime cleanup mission', 'unexpected partnership', 'luxury hotel room', 'professional fixer', 'private suites', 'urban nightlife setting', 'sharp banter', 'double‑crossing', 'elite fixer duo']",108.0,10.7731,6.543,1543.0,https://image.tmdb.org/t/p/w500/vOX1Zng472PC2KnS0B9nRfM8aaZ.jpg,True
Saturday Night,2024,3.0,Another good plane watch,1120911.0,Saturday Night,Saturday Night,2024-09-27,"At 11:30pm on October 11, 1975, a ferocious troupe of young comedians and writers changed television forever. This is the story of what happened behind the scenes in the 90 minutes leading up to the first broadcast of Saturday Night Live.","['Comedy', 'Drama']",Jason Reitman,"['Gabriel LaBelle', 'Rachel Sennott', 'Cory Michael Smith', 'Ella Hunt', ""Dylan O'Brien""]","['new york city', 'chaos', '1970s', 'biography', 'based on true story', 'sketch comedy', 'live television', 'nostalgic', 'anxious', 'live studio audience', 'playful', 'witty', 'audacious', 'bold', 'exhilarated', 'vibrant']",109.0,4.1783,6.6,398.0,https://image.tmdb.org/t/p/w500/oCf5O6uxooTvRwKVnLHwGqZUifq.jpg,True
Companion,2025,4.0,Really enjoyed this one,1084199.0,Companion,Companion,2025-01-22,"During a weekend getaway at a secluded lakeside estate, a group of friends finds themselves entangled in a web of secrets, deception, and advanced technology. As tensions rise and loyalties are tested, they uncover unsettling truths about themselves and the world around them.","['Horror', 'Science Fiction', 'Thriller']",Drew Hancock,"['Sophie Thatcher', 'Jack Quaid', 'Lukas Gage', 'Megan Suri', 'Harvey Guillén']","['android', 'artificial intelligence (a.i.)', 'cabin', 'robot', 'boyfriend girlfriend relationship', 'duringcreditsstinger', 'robot girl', 'weekend getaway', 'human android relationship', 'toxic relationship', 'abusive relationship', 'malfunctioning android', 'robot companion', 'sentient machine', 'sci-fi horror', 'human vs machines', 'cybernetics', 'android horror']",97.0,17.9936,7.004,2564.0,https://image.tmdb.org/t/p/w500/oCoTgC3UyWGfyQ9thE10ulWR7bn.jpg,True
G.N.A.R.,2011,5.0,Greatest piece of media ever produced,139412.0,G.N.A.R.,G.N.A.R.,2011-09-01,Warning. This film has an abundance of Man Ass…  Unofficial Networks Presents – G.N.A.R.  A Film by Scott &amp; Robb Gaffney.  AND Shane McConkey,['Documentary'],,"['Robb Gaffney', 'Scott Gaffney']",['skiing'],69.0,0.4985,9.0,2.0,https://image.tmdb.org/t/p/w500/7v68ULlCXaRABfnLYk7K26NSif9.jpg,True
Flow,2024,4.5,Fantastic. I wish this was real I want to hang out with them,823219.0,Flow,Straume,2024-08-29,"A solitary cat, displaced by a great flood, finds refuge on a boat with various species and must navigate the challenges of adapting to a transformed world together.","['Adventure', 'Animation', 'Family', 'Fantasy']",Gints Zilbalodis,[],"['ocean', 'cat', 'boat', 'dystopia', 'survival', 'dog', 'ruins', 'flood', 'lemur', 'kids', 'somber', 'bird', '3d animation', 'no dialogue', 'teamwork', 'fantasy', 'absurd', 'capybara', 'adventure', 'admiring', 'complicated']",85.0,22.3247,8.067,3024.0,https://image.tmdb.org/t/p/w500/z2sG41PxfL1hnL1mHbxzSREUtOf.jpg,True
Everything Everywhere All at Once,2022,4.0,What a unique movie. At first I wasn't really bought in to how everything seemed a little over the too  but I ended up loving it.,545611.0,Everything Everywhere All at Once,Everything Everywhere All at Once,2022-03-24,"An aging Chinese immigrant is swept up in an insane adventure, where she alone can save what's important to her by connecting with the lives she could have led in other universes.","['Action', 'Adventure', 'Science Fiction']",Daniel Scheinert,"['Michelle Yeoh', 'Stephanie Hsu', 'Ke Huy Quan', 'James Hong', 'Jamie Lee Curtis']","['mother', 'martial arts', 'kung fu', 'nihilism', 'philosophy', 'generations conflict', 'chinese woman', 'surrealism', 'laundromat', 'chinese', 'east asian lead', 'divorce', 'family', 'lgbt', 'hot dog', 'asian woman', 'chinese immigrant', 'mother daughter relationship', 'action comedy', 'asian american', 'intergenerational trauma', 'internal revenue service', 'interdimensional travel', 'multiverse']",140.0,26.7808,7.708,8340.0,https://image.tmdb.org/t/p/w500/u68AjlvlutfEIcpmbYpKcdi09ut.jpg,True
Mickey 17,2025,3.0,"It pains me to say that 3 stars is generous. 

I love the book and was maybe too excited leading up to watching. They cut half of every storyline and then would check back in and expect people to understand / care about something that was never fully fleshed out. 

Loved some individual performances tho 

Need this movie to have the Dune treatment and get a remake in several years because the universe is too good to let die",696506.0,Mickey 17,Mickey 17,2025-02-28,"Unlikely hero Mickey Barnes finds himself in the extraordinary circumstance of working for an employer who demands the ultimate commitment to the job… to die, for a living.","['Science Fiction', 'Comedy', 'Adventure']",Bong Joon Ho,"['Robert Pattinson', 'Naomi Ackie', 'Steven Yeun', 'Mark Ruffalo', 'Toni Collette']","['based on novel or book', 'dark comedy', 'space travel', 'betrayal', 'alien planet', 'creature', 'space adventure', 'human clone', 'spaceship', '2050s', 'futuristic world', 'colonial workforce', 'clone technology', 'frozen world', 'authoritarian leader', 'expendable worker']",137.0,20.7551,6.833,3881.0,https://image.tmdb.org/t/p/w500/edKpE9B5qN3e559OuMCLZdW1iBZ.jpg,True
Le Bonheur,1965,4.5,"Didn't love how French bill hader replaced his wife so quickly, but that's like the point of the movie.

Really a beautiful film. It was refreshingly slow and with bright colors and a cheerful score that  contrasted the dark storyline",53023.0,Happiness,Le Bonheur,1965-02-10,"Though married to the good-natured, beautiful Thérèse, young husband and father François finds himself falling unquestioningly into an affair with an attractive postal worker. One of Agnès Varda's most provocative films, 'Le bonheur' examines, with a deceptively cheery palette and the spirited strains of Mozart, the ideas of fidelity and happiness in a modern, self-centered world.","['Drama', 'Romance']",Agnès Varda,"['Jean-Claude Drouot', 'Claire Drouot', 'Olivier Drouot', 'Sandrine Drouot', 'Marie-France Boyer']","['infidelity', 'countryside', 'extramarital affair', 'woman director', 'callous']",80.0,3.4935,7.4,313.0,https://image.tmdb.org/t/p/w500/nNW4ewpsqxEQQoHXv4PAUsFuDmd.jpg,True
Kiss Kiss Bang Bang,2005,4.0,Early 2000s version of the nice guys so I really liked it,5236.0,Kiss Kiss Bang Bang,Kiss Kiss Bang Bang,2005-09-14,A petty thief posing as an actor is brought to Los Angeles for an unlikely audition and finds himself in the middle of a murder investigation along with his high school dream girl and a detective who's been training him for his upcoming role...,"['Comedy', 'Crime', 'Mystery', 'Thriller']",Shane Black,"['Robert Downey Jr.', 'Val Kilmer', 'Michelle Monaghan', 'Corbin Bernsen', 'Dash Mihok']","['detective', 'loser', 'thief', 'crush', 'whodunit', 'los angeles, california', 'series of murders', 'hoodlum', 'female corpse', 'neo-noir', 'christmas', 'bumbling detective']",103.0,7.0511,7.158,3093.0,https://image.tmdb.org/t/p/w500/aWfjIkpENFX6Uw82pET7EQ6jnrd.jpg,True
Memories of Murder,2003,4.5,Banger,11423.0,Memories of Murder,살인의 추억,2003-04-25,"A sadistic serial rapist and murderer of young women terrorizes a small province in 1980s South Korea. To prevent further crimes, three increasingly desperate detectives with conflicting methods race against time to unravel the violent mind of the killer in a futile effort to solve the case.","['Crime', 'Drama', 'Thriller']",Bong Joon Ho,"['Song Kang-ho', 'Kim Sang-kyung', 'Kim Roi-ha', 'Song Jae-ho', 'Byun Hee-bong']","['assassin', 'police brutality', 'rape', 'corruption', 'police', 'detective', 'investigation', 'victim', 'based on true story', 'based on play or musical', 'murder', 'serial killer', 'torture', 'brutality', 'killer', 'neo-noir', 'frantic', '1980s', 'anxious', 'south korea', 'dramatic']",131.0,19.182,8.061,4776.0,https://image.tmdb.org/t/p/w500/jcgUjx1QcupGzjntTVlnQ15lHqy.jpg,True
Rango,2011,3.5,Had a little bit of everything,44896.0,Rango,Rango,2011-03-02,"When Rango, a lost family pet, accidentally winds up in the gritty, gun-slinging Western town of Dirt, the theater-loving lizard suddenly finds himself the newly appointed sheriff. Welcomed as the last hope the town has been waiting for, Rango is forced to play his new role to the hilt and uncover the truth behind a looming water crisis—before his act catches up with him.","['Animation', 'Comedy', 'Family', 'Western', 'Adventure']",Gore Verbinski,"['Johnny Depp', 'Isla Fisher', 'Ned Beatty', 'Bill Nighy', 'Abigail Breslin']","['hero', 'gunslinger', 'sheriff', 'suicide attempt', 'nevada', 'mayor', 'pet', 'native american', 'water supply', 'outlaw', 'water shortage', 'spirit', 'chameleon', 'mariachi', 'disillusionment', 'desert', 'construction', 'frontier town', 'small western town', 'animal life', 'animal protagonist', '3d animation', 'old west', 'high noon']",107.0,14.1743,6.916,7283.0,https://image.tmdb.org/t/p/w500/A5MP1guV8pbruieG0tnpPIbaJtt.jpg,True
Sinners,2025,4.0,Becoming a vampire makes u nasty on the banjo,1233413.0,Sinners,Sinners,2025-04-16,"Trying to leave their troubled lives behind, twin brothers return to their hometown to start again, only to discover that an even greater evil is waiting to welcome them back.","['Horror', 'Action', 'Thriller']",Ryan Coogler,"['Michael B. Jordan', 'Hailee Steinfeld', 'Miles Caton', ""Jack O'Connell"", 'Wunmi Mosaku']","['chicago, illinois', 'capitalism', 'ku klux klan', 'musician', 'immortality', 'vampire', 'cousin', 'surrealism', 'sin', 'alcoholism', 'vampire hunter (slayer)', 'church', 'twins', 'blunt', 'estranged wife', 'dual role', 'cousin relationship', 'death of daughter', 'blues music', 'aftercreditsstinger', 'klansmen', '1990s', '1930s', 'salvation', 'assimilation', 'chinese immigrant', 'brother brother relationship', 'southern gothic', 'afro-descendants', 'supernatural horror', 'playful', 'train station', 'mississippi', 'frightened']",138.0,41.7129,7.512,5106.0,https://image.tmdb.org/t/p/w500/fWPgbnt2LSqkQ6cdQc0SZN9CpLm.jpg,True
End of Watch,2012,4.0,I knew how it was gonna end right from the start he was too cool. Great movie,77016.0,End of Watch,End of Watch,2012-09-20,Two young officers are marked for death after confiscating a small cache of money and firearms from the members of a notorious cartel during a routine traffic stop.,"['Crime', 'Drama', 'Thriller']",David Ayer,"['Jake Gyllenhaal', 'Michael Peña', 'Natalie Martinez', 'Anna Kendrick', 'David Harbour']","['friendship', 'street gang', 'human trafficking', 'shootout', 'los angeles, california', 'brutality', 'gang member', 'rookie cop', 'found footage', 'buddy cop', 'police raid', 'felon', 'cartel', 'pseudo-documentary', 'wistful', 'factual', 'action', 'excited', 'police crime drama', 'found footage adjacent', 'los angeles police department']",109.0,8.6991,7.359,3746.0,https://image.tmdb.org/t/p/w500/pDeVKQICkcdwwjHxGj0MeS14YJ6.jpg,True
The Place Beyond the Pines,2012,3.5,,97367.0,The Place Beyond the Pines,The Place Beyond the Pines,2013-03-20,"A motorcycle stunt rider considers committing a crime in order to provide for his wife and child, an act that puts him on a collision course with a cop-turned-politician.","['Drama', 'Crime']",Derek Cianfrance,"['Ryan Gosling', 'Bradley Cooper', 'Eva Mendes', 'Rose Byrne', 'Ray Liotta']","['corruption', 'parent child relationship', 'hostage', 'motel', 'carnival', 'stuntman', 'house party', 'mechanic', 'religion', 'bag of money', 'motorcycle', 'police officer', 'bank robbery', 'rookie cop', 'haunted by the past', 'legacy', 'evidence room', 'dreary', 'sincere', 'tragic']",140.0,9.5707,6.979,5298.0,https://image.tmdb.org/t/p/w500/vY5j2xQzMGWmxBuhQo0HfA4Lxqb.jpg,True
Burn After Reading,2008,3.5,I like JK Simmons,4944.0,Burn After Reading,Burn After Reading,2008-09-05,"When a disc containing memoirs of a former CIA analyst falls into the hands of gym employees, Linda and Chad, they see a chance to make enough money for Linda to have life-changing cosmetic surgery. Predictably, events whirl out of control for the duo, and those in their orbit.","['Comedy', 'Drama']",Ethan Coen,"['George Clooney', 'Frances McDormand', 'Brad Pitt', 'John Malkovich', 'Tilda Swinton']","['washington dc, usa', 'blackmail', 'paranoia', 'dark comedy', 'black humor', 'plastic surgery', 'autobiography', 'memory', 'corpse', 'divorce', 'gym', 'disc', 'fitness', 'online dating', 'memoirs', 'personal trainer', 'shaggy dog story', 'ex-priest']",96.0,9.4514,6.679,5374.0,https://image.tmdb.org/t/p/w500/jdwSkQu3XirmX18MNj8CqFWsCk.jpg,True
Sicario,2015,5.0,,273481.0,Sicario,Sicario,2015-09-17,An idealistic FBI agent is enlisted by a government task force to aid in the escalating war against drugs at the border area between the U.S. and Mexico.,"['Action', 'Crime', 'Thriller']",Denis Villeneuve,"['Emily Blunt', 'Benicio del Toro', 'Josh Brolin', 'Victor Garber', 'Jon Bernthal']","['mission', 'assassin', 'central intelligence agency (cia)', 'mexico', 'corruption', 'bomb', 'fbi', 'smoking', 'texas', 'border', 'manipulation', 'cynicism', 'revenge', 'murder', 'dirty cop', 'brutality', 'drugs', 'special forces', 'interrogation', 'desert', 'surveillance', 'blunt', 'night vision', 'death of daughter', 'moral dilemma', 'neo-noir', 'death of wife', 'mexican cartel', 'reflective', 'serious', 'secret tunnel', 'dramatic', 'violence', 'suspenseful', 'intense', 'awestruck', 'powerful', 'juárez, mexico']",122.0,20.5196,7.426,9814.0,https://image.tmdb.org/t/p/w500/lz8vNyXeidqqOdJW9ZjnDAMb5Vr.jpg,True
Mountainhead,2025,3.0,Not the best but fun enough. Enjoyed the constant philosophical misinterpretations,1417059.0,Mountainhead,Mountainhead,2025-05-22,A group of billionaire friends get together against the backdrop of a rolling international crisis.,"['Comedy', 'Drama', 'TV Movie']",Jesse Armstrong,"['Steve Carell', 'Jason Schwartzman', 'Cory Michael Smith', 'Ramy Youssef', 'Daniel Oreskes']","['artificial intelligence (a.i.)', 'snow', 'billionaire', 'group of friends', 'end of world', 'financial crisis', 'fake news', 'absurd', 'critical']",109.0,4.569,5.276,266.0,https://image.tmdb.org/t/p/w500/jZKK5mFKWbquxhAGMkRJtNYwk0I.jpg,True
Materialists,2025,3.0,Very up and down movie for me. Felt like strong writing and acting at some points and then really bad at others. Enjoyed it though,1136867.0,Materialists,Materialists,2025-06-12,"A young, ambitious New York City matchmaker finds herself torn between the perfect match and her imperfect ex.","['Romance', 'Drama']",Celine Song,"['Dakota Johnson', 'Chris Evans', 'Pedro Pascal', 'Zoë Winters', 'Marin Ireland']","['new york city', 'love triangle', 'wedding', 'class differences', 'ex-boyfriend ex-girlfriend relationship', 'woman director', 'sexual assault', 'philosophical', 'matchmaker', 'ambivalent']",116.0,15.2139,6.3,1423.0,https://image.tmdb.org/t/p/w500/eDo0pNruy0Qgj6BdTyHIR4cxHY8.jpg,True
Sicario: Day of the Soldado,2018,3.0,Benicio and Josh brolin are so cool they easily distract me from the fact that this movie isn't that good,400535.0,Sicario: Day of the Soldado,Sicario: Day of the Soldado,2018-06-27,Agent Matt Graver teams up with operative Alejandro Gillick to prevent Mexican drug cartels from smuggling terrorists across the United States border.,"['Action', 'Crime', 'Thriller']",Stefano Sollima,"['Benicio del Toro', 'Josh Brolin', 'Isabela Merced', 'Jeffrey Donovan', 'Catherine Keener']","['rescue', 'central intelligence agency (cia)', 'corruption', 'usa–mexico border', 'sequel', 'shootout', 'explosion', 'brutality', 'black ops', 'sign languages', 'neo-noir', 'drug war', 'mexican cartel', 'covert operations', 'cartel warfare']",122.0,21.0659,6.944,4166.0,https://image.tmdb.org/t/p/w500/qcLYofEhNh51Sk1jUWjmKHLzkqw.jpg,True
Train to Busan,2016,4.0,Banger,396535.0,Train to Busan,부산행,2016-07-20,"When a zombie virus pushes Korea into a state of emergency, those trapped on an express train to Busan must fight for their own survival.","['Action', 'Horror', 'Thriller']",Yeon Sang-ho,"['Gong Yoo', 'Kim Su-an', 'Jung Yu-mi', 'Don Lee', 'Choi Woo-shik']","['halloween', 'zombie', 'train', 'survival horror', 'pandemic', 'somber', 'busan, south korea', 'south korea', 'suspenseful', 'excited']",118.0,24.2621,7.753,8664.0,https://image.tmdb.org/t/p/w500/vNVFt6dtcqnI7hqa6LFBUibuFiw.jpg,True
28 Years Later,2025,2.5,Comically gory. I liked it but I never felt invested in any of the characters and spike and his mom were kinda annoying. Track suit king fu cult at the end made me laugh,1100988.0,28 Years Later,28 Years Later,2025-06-18,"Twenty-eight years after the Rage virus outbreak, a heavily-defended island survives connected to the mainland by a single causeway. When one of the group leaves the island into the dark heart of the mainland, he discovers secrets, wonders, and horrors that have mutated not only the infected but other survivors as well.","['Horror', 'Thriller', 'Science Fiction']",Danny Boyle,"['Aaron Taylor-Johnson', 'Alfie Williams', 'Ralph Fiennes', 'Jodie Comer', ""Jack O'Connell""]","['england', 'satanism', 'cult', 'sequel', 'survival', 'zombie', 'survival horror', 'satanic cult', 'zombie apocalypse', 'northumberland', 'absurd', 'violence', 'bold', 'compassionate', 'ghoulish', 'lindisfarne', 'post-apocalyptic']",115.0,24.0679,6.608,2893.0,https://image.tmdb.org/t/p/w500/n5FygjEppOvac6yEaowi26nTyw3.jpg,True
Before the Devil Knows You're Dead,2007,3.0,Philip is the best,7972.0,Before the Devil Knows You're Dead,Before the Devil Knows You're Dead,2007-09-26,"When two brothers organize the robbery of their parents' jewelry store, the job goes horribly wrong, triggering a series of events that send them and their family hurtling towards a shattering climax.","['Crime', 'Drama', 'Thriller']",Sidney Lumet,"['Philip Seymour Hoffman', 'Ethan Hawke', 'Albert Finney', 'Marisa Tomei', 'Aleksa Palladino']","['daughter', 'career', 'sibling relationship', 'office', 'drug addiction', 'greed', 'investigation', 'hold-up robbery', 'father', 'workplace', 'woman between two men', 'hospital', 'sibling rivalry', 'jewelry store', 'botched robbery', 'disturbed', 'paranoid', 'cruel', 'doubtful']",117.0,7.0481,7.112,1793.0,https://image.tmdb.org/t/p/w500/h4QXi4Ysuc3zICiK9jHxjCAK9Oh.jpg,True
Slumdog Millionaire,2008,4.0,,12405.0,Slumdog Millionaire,Slumdog Millionaire,2008-11-12,"A teenager reflects on his life after being accused of cheating on the Indian version of ""Who Wants to be a Millionaire?"".","['Drama', 'Romance']",Danny Boyle,"['Dev Patel', 'Freida Pinto', 'Madhur Mittal', 'Anil Kapoor', 'Mahesh Manjrekar']","['based on novel or book', 'slum', 'cheating', 'suspicion', 'mumbai (bombay), india', 'game show', 'quiz', 'orphan', 'duringcreditsstinger', 'taj mahal, india', 'defiant']",121.0,15.242,7.728,11537.0,https://image.tmdb.org/t/p/w500/5leCCi7ZF0CawAfM5Qo2ECKPprc.jpg,True
F1,2025,4.0,Just a great cinematic experience and fun movie. Sat 2nd row (not on purpose) and felt like I was in the car,911430.0,F1,F1,2025-06-25,Racing legend Sonny Hayes is coaxed out of retirement to lead a struggling Formula 1 team—and mentor a young hotshot driver—while chasing one more chance at glory.,"['Action', 'Drama']",Joseph Kosinski,"['Brad Pitt', 'Damson Idris', 'Javier Bardem', 'Kerry Condon', 'Tobias Menzies']","['sports', 'comeback', 'racing', 'race car driver', 'sport competition', 'aftercreditsstinger', 'beforecreditsstinger', 'rookie', 'formula one (f1)', 'motorsport', 'car racing', 'disdainful', 'exhilarated', 'joyful']",156.0,33.2265,7.8,4573.0,https://image.tmdb.org/t/p/w500/9PXZIUsSDh4alB80jheWX4fhZmy.jpg,True
Burnt,2015,3.5,,295964.0,Burnt,Burnt,2015-10-02,"Adam Jones is a Chef who destroyed his career with drugs and diva behavior. He cleans up and returns to London, determined to redeem himself by spearheading a top restaurant that can gain three Michelin stars.",['Drama'],John Wells,"['Bradley Cooper', 'Sienna Miller', 'Omar Sy', 'Daniel Brühl', 'Riccardo Scamarcio']","['career', 'london, england', 'drug addiction', 'diva', 'restaurant', 'redemption', 'drugs', 'chef', 'french cuisine', 'come back', 'fine dining', 'relaxed', 'straightforward']",100.0,7.2581,6.525,3627.0,https://image.tmdb.org/t/p/w500/iptu4zfvbeULkeuoVkTl2mOqTPS.jpg,True
The Amateur,2025,3.0,Good plane movie but not much more than that,1087891.0,The Amateur,The Amateur,2025-04-09,"After his life is turned upside down when his wife is killed in a London terrorist attack, a brilliant but introverted CIA decoder takes matters into his own hands when his supervisors refuse to take action.","['Thriller', 'Action']",James Hawes,"['Rami Malek', 'Holt McCallany', 'Danny Sapani', 'Rachel Brosnahan', 'Michael Stuhlbarg']","['central intelligence agency (cia)', 'based on novel or book', 'escape', 'blackmail', 'revenge', 'agent', 'government assassin', 'government cover-up', 'government conspiracy', 'death of wife', 'spy thriller', 'computer hacker', 'suspenseful', 'enthusiastic']",123.0,13.7386,6.919,1747.0,https://image.tmdb.org/t/p/w500/SNEoUInCa5fAgwuEBMIMBGvkkh.jpg,True
Inherent Vice,2014,5.0,"I love how this movie looks. I love PTA. I can most definitely see it not working for everyone though. 

Great 60s/70s music. Every PTA film I watch I always wish I could watch again for the first time",171274.0,Inherent Vice,Inherent Vice,2014-12-12,"In Los Angeles at the turn of the 1970s, drug-fueled detective Larry ""Doc"" Sportello investigates the disappearance of an ex-girlfriend.","['Drama', 'Mystery', 'Comedy']",Paul Thomas Anderson,"['Joaquin Phoenix', 'Josh Brolin', 'Owen Wilson', 'Katherine Waterston', 'Reese Witherspoon']","['california', 'based on novel or book', 'boat', 'detective', '1970s', 'ex-girlfriend', 'surreal', 'vice', 'hippie lifestyle', 'pot smoking', 'marijuana', 'private investigator', 'disappearance', 'lawyer', 'los angeles, california', 'drugs', 'loan shark', 'neo-noir', '1960s', 'heroin cartel']",149.0,8.3664,6.545,2780.0,https://image.tmdb.org/t/p/w500/pfVua7TzzttOh3RTOuBqT7xN0oY.jpg,True
The Naked Gun,2025,4.5,"Have not laughed this much in a theater in a decade. Did justice to the original movies. 

Dumb but great",1035259.0,The Naked Gun,The Naked Gun,2025-07-30,"Only one man has the particular set of skills... to lead Police Squad and save the world: Lt. Frank Drebin Jr. Following in his father's footsteps, he must solve a murder case to prevent Police Squad from closure.","['Comedy', 'Crime', 'Action']",Akiva Schaffer,"['Liam Neeson', 'Pamela Anderson', 'Paul Walter Hauser', 'Danny Huston', 'CCH Pounder']","['sequel', 'slapstick comedy', 'spoof', 'reboot', 'aftercreditsstinger', 'duringcreditsstinger', 'action comedy', 'based on tv series', 'bumbling detective']",85.0,16.1473,6.353,1938.0,https://image.tmdb.org/t/p/w500/rwla9vqzrKVVKVKiOuROTIXGsxj.jpg,True
Donnie Darko,2001,3.5,This just made me sad,141.0,Donnie Darko,Donnie Darko,2001-01-19,"After narrowly escaping a bizarre accident, a troubled teenager is plagued by visions of a large bunny rabbit that manipulates him to commit a series of crimes.","['Fantasy', 'Drama', 'Mystery']",Richard Kelly,"['Jake Gyllenhaal', 'Jena Malone', 'James Duval', 'Drew Barrymore', 'Beth Grant']","['high school', 'airplane', 'parent child relationship', 'presidential election', 'therapist', 'school performance', 'halloween', 'time travel', 'vandalism', 'melancholy', 'surrealism', 'loss', 'imaginary friend', 'suburbia', 'arson', 'vision', 'school', 'psychological thriller', 'mental illness', 'virginia', 'sleepwalking', '1980s', 'parallel universe']",114.0,14.8939,7.76,13689.0,https://image.tmdb.org/t/p/w500/j2AtZFsflxiluaNtajMTI0Avm8C.jpg,True
Oldboy,2003,4.5,I don't want any of this to happen to me,670.0,Oldboy,올드보이,2003-11-21,"With no clue how he came to be imprisoned, drugged and tortured for 15 years, a desperate man seeks revenge on his captors.","['Thriller', 'Mystery']",Park Chan-wook,"['Choi Min-sik', 'Yoo Ji-tae', 'Kang Hye-jung', 'Kim Byeong-ok', 'Ji Dae-han']","['daughter', 'martial arts', 'rage and hate', 'hostility', 'transformation', 'imprisonment', 'dark comedy', 'hypnosis', 'sushi restaurant', 'notebook', 'time', 'sin', 'alcoholism', 'flashback', 'revenge', 'loneliness', 'torture', 'based on manga', 'urination', 'rage', 'anger', 'catholic', 'incest', 'captivity', 'neo-noir', 'brother sister sex', 'father daughter relationship', 'asian origins', 'remade', 'south korea', 'hammer', 'grimdark', 'driven to suicide', 'brother sister incest', 'father daughter incest']",120.0,17.1975,8.236,10145.0,https://image.tmdb.org/t/p/w500/pWDtjs568ZfOTMbURQBYuT4Qxka.jpg,True
Weapons,2025,4.0,Equally entertaining and thrilling lived up to the hype,1078605.0,Weapons,Weapons,2025-08-04,"When all but one child from the same class mysteriously vanish on the same night at exactly the same time, a community is left questioning who or what is behind their disappearance.","['Horror', 'Mystery']",Zach Cregger,"['Julia Garner', 'Josh Brolin', 'Alden Ehrenreich', 'Austin Abrams', 'Benedict Wong']","['witch', 'small town', 'pennsylvania, usa', 'ritual', 'junkie', 'teacher', 'trance', 'witchcraft', 'clown makeup', 'multiple storylines', 'bullied', 'folk horror', 'dark fairy tale', 'unstable cop', 'supernatural horror', 'mysterious disappearance', 'spell', 'psychological horror', 'mystery', 'evil aunt', 'missing children']",129.0,27.8403,7.3,3857.0,https://image.tmdb.org/t/p/w500/cpf7vsRZ0MYRQcnLWteD5jK9ymT.jpg,True
Freakier Friday,2025,3.0,I actually really enjoyed this good nostalgia,1125257.0,Freakier Friday,Freakier Friday,2025-08-06,"Years after Tess and Anna endured an identity crisis, Anna now has a daughter of her own and a soon-to-be stepdaughter. As they navigate the myriad challenges that come when two families merge, Tess and Anna discover lightning might indeed strike twice.","['Comedy', 'Fantasy', 'Family']",Nisha Ganatra,"['Lindsay Lohan', 'Jamie Lee Curtis', 'Julia Butters', 'Sophia Hammons', 'Manny Jacinto']","['based on novel or book', 'body exchange', 'sequel', 'female protagonist', 'body-swap', 'mother daughter relationship', 'amused']",110.0,10.5359,6.8,791.0,https://image.tmdb.org/t/p/w500/9wV65OmsjLAqBfDnYTkMPutXH8j.jpg,True
14 Peaks: Nothing Is Impossible,2021,4.5,"This is the most insane thing anyone has ever done (need a doc on Kristin Harila and her FKT) 

Very inspiring for my measly Aconcagua summit bid in December. 

Smoking cigs and partying at basecamp on K2 was my favorite part. 

Kind of wish it was more footage of the climb on each mountain",890825.0,14 Peaks: Nothing Is Impossible,14 Peaks: Nothing Is Impossible,2021-11-12,"In 2019, Nepalese mountain climber Nirmal “Nims” Purja set out to do the unthinkable by climbing the world’s fourteen highest summits in less than seven months. (The previous record was eight years). He called the effort “Project Possible 14/7” and saw it as a way to inspire others to strive for greater heights in any pursuit. The film follows his team as they seek to defy naysayers and push the limits of human endurance.",['Documentary'],Torquil Jones,"['Nirmal Purja', 'Jimmy Chin', 'Reinhold Messner', 'Klára Kolouchová', 'Conrad Anker']","['mountain', 'mountaineer', 'k2', 'mountain climbing', 'mountaineering', 'mount everest', 'manaslu', 'nanga parbat']",101.0,4.4332,7.334,394.0,https://image.tmdb.org/t/p/w500/8YS9oRn9rcAyBhYELFbGKk1TpFs.jpg,True
Deep Cover,1992,3.5,Great movie with funny 90s movie moments that weren't supposed to be funny,20676.0,Deep Cover,Deep Cover,1992-04-15,"Black police officer Russell Stevens applies for a special anti-drug squad which targets the highest boss of cocaine delivery to LA—the Colombian foreign minister's nephew. Russell works his way up from the bottom undercover, until he reaches the boss.","['Action', 'Thriller', 'Crime']",Bill Duke,"['Laurence Fishburne', 'Jeff Goldblum', 'Victoria Dillard', 'Gregory Sierra', 'Clarence Williams III']","['police', 'undercover', 'drug trafficking', 'investigation', 'murder', 'undercover cop', 'drug trade', 'drugs', 'black cop', 'infiltrate', 'neo-noir']",108.0,5.0133,6.812,275.0,https://image.tmdb.org/t/p/w500/etr2mCm7gMufAJkSLuB23XocDtd.jpg,True
Relay,2024,2.5,Didn't like it at all until like an hour and a half in. Then only kinda liked it,1088166.0,Relay,Relay,2025-08-21,A broker of lucrative payoffs between corrupt corporations and the individuals who threaten them breaks his own rules when a new client seeks his protection to stay alive.,"['Action', 'Drama', 'Thriller']",David Mackenzie,"['Riz Ahmed', 'Lily James', 'Sam Worthington', 'Willa Fitzgerald', 'Eisa Davis']","['manipulation', 'cover-up', 'conspiracy', 'surveillance', 'political corruption', 'fixer', 'spy thriller', 'hidden agenda', 'middleman', 'trust issues', 'malicious', 'vindictive', 'suspenseful', 'power games', 'secret dealings', 'secret network', 'corrupt officials', 'shadow operatives', 'constant tension']",112.0,11.3264,7.008,509.0,https://image.tmdb.org/t/p/w500/mpwccO2L8LUVtVTJTdgUVgoQqAo.jpg,True
Phantom Thread,2017,4.0,1/4 stars of this is solely for the New Years Eve scene,400617.0,Phantom Thread,Phantom Thread,2017-12-25,"In 1950s London, a renowned dressmaker's meticulous lifestyle begins drastically changing as his relationship with his young muse intensifies.","['Drama', 'Romance']",Paul Thomas Anderson,"['Daniel Day-Lewis', 'Vicky Krieps', 'Lesley Manville', 'Camilla Rutherford', 'Gina McKee']","['london, england', 'husband wife relationship', 'obsession', 'dressmaker', 'fashion designer', 'muse', 'doctor', 'wedding', 'fashion', 'fashion show', 'haute couture', 'fictional biography', '1950s', 'calm', 'fashion industry', 'brother sister relationship', 'romantic']",130.0,9.1339,7.315,3854.0,https://image.tmdb.org/t/p/w500/hgoWjp9Sh0MI97eAMZCnIoVfgvq.jpg,True
The Conjuring: Last Rites,2025,2.5,Spends one day in small town Pennsylvania and offs himself,1038392.0,The Conjuring: Last Rites,The Conjuring: Last Rites,2025-09-03,Paranormal investigators Ed and Lorraine Warren take on one last terrifying case involving mysterious entities they must confront.,['Horror'],Michael Chaves,"['Patrick Wilson', 'Vera Farmiga', 'Mia Tomlinson', 'Ben Hardy', 'Rebecca Calder']","['pennsylvania, usa', 'supernatural', 'exorcism', 'haunted house', 'sequel', 'priest', 'religion', 'wedding', 'spirit', 'paranormal investigation', 'ghost', '1980s', 'demonic', 'mirror', 'supernatural horror', 'horror']",136.0,32.7064,6.9,2091.0,https://image.tmdb.org/t/p/w500/byWgphT74ClOVa8EOGzYDkl8DVL.jpg,True
Caught Stealing,2025,3.0,This movie was alright. Half a star for action Bronson. I feel like if the writing was better the performances wouldn't have been as flat. Not as bad as Anil and Viv's reviews made me think it would be,1245993.0,Caught Stealing,Caught Stealing,2025-08-26,"Burned-out ex-baseball player Hank Thompson unexpectedly finds himself embroiled in a dangerous struggle for survival amidst the criminal underbelly of late 1990s New York City, forced to navigate a treacherous underworld he never imagined.","['Crime', 'Thriller', 'Comedy']",Darren Aronofsky,"['Austin Butler', 'Regina King', 'Zoë Kravitz', 'Matt Smith', 'Liev Schreiber']","['new york city', 'based on novel or book', 'cat', 'baseball', 'dark comedy', 'baseball bat', 'criminal underworld', 'duringcreditsstinger', 'detached', '1990s', 'dramatic', 'suspenseful', 'urgent']",107.0,14.6831,6.8,1116.0,https://image.tmdb.org/t/p/w500/cvda8s5J8YaHjTyEyXQpvD6f3iV.jpg,True
Magnolia,1999,4.5,"This movie was over 3 hours long and I truly wish it was so much longer. 

I wanted to stay in this world with these characters even though this was one of the loneliest and depressing movies I've ever seen. I cannot remember another movie making me feel the range of emotions I just did. I cannot believe that this many storylines worked and I cared about all of them for over 3 hours. 

Not to mention almost everyone in this movie gave one of their career best performances (I'm sure there are movies I haven't seen where maybe they're better but Cruise and Moore especially were unbelievably great). I also love how surprisingly perfect John C Reilly is for each role he's in when working with PTA.

Almost every scene Donnie is in is gutting. ""I have so much love to give but don't know where to put it"" comes when you thought the depression was over

This is a must watch what a movie

EDIT: the entire movie I kept thinking to myself John C Reilly as a cop looks exactly like the cop in weapons and did some reading and turns out he was modeled after John C Reilly's character in Magnolia mustache and all that's so cool",334.0,Magnolia,Magnolia,1999-12-17,"On one random day in the San Fernando Valley, a dying father, a young wife, a male caretaker, a famous lost son, a police officer in love, a boy genius, an ex-boy genius, a game show host and an estranged daughter will each become part of a dazzling multiplicity of plots, but one story.",['Drama'],Paul Thomas Anderson,"['Tom Cruise', 'Philip Baker Hall', 'Philip Seymour Hoffman', 'Julianne Moore', 'William H. Macy']","['dying and death', 'daughter', 'farewell', 'regret', 'unsociability', 'chance', 'becoming an adult', 'parent child relationship', 'suicide attempt', 'loss of loved one', 'child prodigy', 'reconciliation', 'san fernando valley', 'multiple storylines', 'frog', 'bewildered']",189.0,10.9758,7.724,4131.0,https://image.tmdb.org/t/p/w500/tpfC325Jk6S38VTe5dDWjWtoyxr.jpg,True
28 Days Later,2002,3.5,,170.0,28 Days Later,28 Days Later,2002-10-31,"Twenty-eight days after a killer virus was accidentally unleashed from a British research facility, a small group of London survivors are caught in a desperate struggle to protect themselves from the infected. Carried by animals and humans, the virus turns those it infects into homicidal maniacs -- and it's absolutely impossible to contain.","['Horror', 'Thriller', 'Science Fiction']",Danny Boyle,"['Cillian Murphy', 'Naomie Harris', 'Brendan Gleeson', 'Megan Burns', 'Christopher Eccleston']","['london, england', 'infection', 'outbreak', 'zombie', 'brutality', 'survival horror', 'zombie apocalypse', 'virus', 'aggressive', 'waking from coma', 'baffled', 'post-apocalyptic']",113.0,18.6952,7.246,8813.0,https://image.tmdb.org/t/p/w500/sQckQRt17VaWbo39GIu0TMOiszq.jpg,True
Chinatown,1974,4.5,"I love film noir and Jack Nicholson 

Chinatown, LA Confidential, Inherent Vice. I love a good dark LA detective story",829.0,Chinatown,Chinatown,1974-06-20,"Private eye Jake Gittes lives off of the murky moral climate of sunbaked, pre-World War II Southern California. Hired by a beautiful socialite to investigate her husband's extra-marital affair, Gittes is swept into a maelstrom of double dealings and deadly deceits, uncovering a web of personal and political scandals that come crashing together.","['Crime', 'Mystery', 'Thriller']",Roman Polanski,"['Jack Nicholson', 'Faye Dunaway', 'John Huston', 'Perry Lopez', 'Burt Young']","['dying and death', 'sea', 'pedophilia', 'rape', 'mistake in person', 'river', 'chinatown', 'barrage', 'femme fatale', 'conspiracy', 'whodunit', 'los angeles, california', 'private detective', 'neo-noir', 'suspenseful', 'frustrated']",130.0,8.5699,7.905,4373.0,https://image.tmdb.org/t/p/w500/kZRSP3FmOcq0xnBulqpUQngJUXY.jpg,True
One Battle After Another,2025,4.5,Sensei Sergio my goat,1054867.0,One Battle After Another,One Battle After Another,2025-09-23,"Washed-up revolutionary Bob exists in a state of stoned paranoia, surviving off-grid with his spirited, self-reliant daughter, Willa. When his evil nemesis resurfaces after 16 years and she goes missing, the former radical scrambles to find her, father and daughter both battling the consequences of his past.","['Thriller', 'Crime', 'Comedy']",Paul Thomas Anderson,"['Leonardo DiCaprio', 'Sean Penn', 'Chase Infiniti', 'Benicio del Toro', 'Regina Hall']","['rebellion', 'based on novel or book', 'resistance', 'usa–mexico border', 'riot', 'interracial relationship', 'on the run', 'xenophobia', 'aftercreditsstinger', 'missing daughter', 'white supremacy', 'anti-fascism', 'father daughter relationship', 'revolutionaries', 'african american', 'anti-racism', 'immigration detention center']",162.0,43.9506,7.336,4171.0,https://image.tmdb.org/t/p/w500/lbBWwxBht4JFP5PsuJ5onpMqugW.jpg,True
Friendship,2024,3.0,You do one weird thing and you're toast,1239655.0,Friendship,Friendship,2025-05-09,"Suburban dad Craig falls hard for his charismatic new neighbor Austin, and his attempts to make an adult male friend threatens to ruin both of their lives.","['Comedy', 'Drama']",Andrew DeYoung,"['Tim Robinson', 'Paul Rudd', 'Kate Mara', 'Jack Dylan Grazer', 'Rick Worthy']","['drug dealer', 'jealousy', 'husband wife relationship', 'marriage crisis', 'obsession', 'florist', 'dark comedy', 'male friendship', 'drug trip', 'neighbor', 'toupee', 'bromance', 'home invasion', 'quicksand', 'fired from the job', 'missing person', 'marital separation', 'toad', 'handgun', 'aqueduct', 'mental desintegration', 'tv news anchor', 'perception', 'hero worship', 'missing wife', 'complex', 'breaking and entering', 'mental break', 'public meltdown', 'absurd', 'sick wife', 'odd neighbor', 'hilarious', 'weatherman', 'sewers', 'nosebleed', 'adult friends', 'cancer free']",100.0,4.6823,6.4,314.0,https://image.tmdb.org/t/p/w500/eikAu9gPJTQQmwFwa1zX5Hfz96P.jpg,True
Final Destination Bloodlines,2025,3.0,This was funny I liked the ending,574475.0,Final Destination Bloodlines,Final Destination Bloodlines,2025-05-14,"Plagued by a violent recurring nightmare, college student Stefanie heads home to track down the one person who might be able to break the cycle and save her family from the grisly demise that inevitably awaits them all.","['Horror', 'Mystery']",Adam Stein,"['Kaitlyn Santa Juana', 'Teo Briones', 'Rya Kihlstedt', 'Richard Harmon', 'Owen Patrick Joyner']","['restaurant', 'gore', 'sequel', 'premonition', 'family tragedy', 'near-death experience', '1960s', 'cheating death', 'supernatural horror', 'horror', 'tense', 'amused', 'inevitable fate', 'death’s design', 'supernatural force', 'deadly premonition', 'domino effect']",110.0,26.1412,7.032,3080.0,https://image.tmdb.org/t/p/w500/6WxhEvFsauuACfv8HyoVX6mZKFj.jpg,True
Eddington,2025,3.5,"Makes me wanna throw away my phone. 

Some parts a little too much others very accurately portraying this time period that I haven't seen done in a non cringe way.",648878.0,Eddington,Eddington,2025-07-16,"In May of 2020, a standoff between a small-town sheriff and mayor sparks a powder keg as neighbor is pitted against neighbor in Eddington, New Mexico.","['Western', 'Comedy', 'Crime']",Ari Aster,"['Joaquin Phoenix', ""Deirdre O'Connell"", 'Emma Stone', 'Micheal Ward', 'Pedro Pascal']","['small town', 'sheriff', 'husband wife relationship', 'new mexico', 'mayor', 'dark comedy', 'protest', 'satire', 'murder', 'shootout', 'blunt', 'neo-western', 'covid-19', 'absurd', 'antagonistic', 'gloomy']",148.0,11.3326,6.481,921.0,https://image.tmdb.org/t/p/w500/4GIqZUgPZ146BhibsPHMHef2nXX.jpg,True
Roofman,2025,2.5,Was just never bought into it especially Channing and Kristen,1242419.0,Roofman,Roofman,2025-10-06,"A former Army Ranger and struggling father turns to robbing McDonald’s restaurants by cutting holes in their roofs, earning him the nickname ""Roofman."" After escaping prison, he secretly lives inside a Toys “R” Us for six months, surviving undetected while planning his next move. But when he falls for a divorced mom drawn to his undeniable charm, his double life begins to unravel, setting off a compelling and suspenseful game of cat and mouse as his past closes in.","['Crime', 'Comedy', 'Drama']",Derek Cianfrance,"['Channing Tatum', 'Kirsten Dunst', 'Ben Mendelsohn', 'LaKeith Stanfield', 'Juno Temple']","['based on true story', 'fugitive', 'toy store', 'escaped prisoner', 'armed robbery', 'hiding out', 'ex-elite soldier', 'former soldier', ""mcdonald's"", 'charlotte, north carolina', 'escape from prison', 'u.s. army ranger']",126.0,13.808,7.041,993.0,https://image.tmdb.org/t/p/w500/wXDFtcnYtevleGzCmAD2ReQnJ4l.jpg,True
After the Hunt,2025,2.5,I think I get what he was going for but it fell flat,1265063.0,After the Hunt,After the Hunt,2025-10-09,"A college professor finds herself at a personal and professional crossroads when a star pupil levels an accusation against one of her colleagues, and a dark secret from her own past threatens to come to light.",['Drama'],Luca Guadagnino,"['Julia Roberts', 'Ayo Edebiri', 'Andrew Garfield', 'Michael Stuhlbarg', 'Chloë Sevigny']","['husband wife relationship', 'philosophy', 'narcissism', 'plagiarism', 'yale university', 'female protagonist', 'psychological thriller', 'ulcer', 'generation gap', 'sexless marriage', 'sexual assault', 'college professor', 'academia', 'accusation', 'complex', 'malicious', '2010s', 'student mentor relationship', 'affair', 'philosophy professor', 'tenure', 'ambiguous', 'ambivalent', 'complicated', 'impartial']",139.0,9.9281,5.678,523.0,https://image.tmdb.org/t/p/w500/ryF8QPGUGlo8gRB4OYKb4J0r3aJ.jpg,True
Bugonia,2025,4.0,Really liked how it took a much darker turn towards the end. First half was pretty slow but really enjoyed,701387.0,Bugonia,Bugonia,2025-10-23,"Two conspiracy obsessed young men kidnap the high-powered CEO of a major company, convinced that she is an alien intent on destroying planet Earth.","['Science Fiction', 'Thriller', 'Comedy']",Yorgos Lanthimos,"['Emma Stone', 'Jesse Plemons', 'Aidan Delbis', 'Stavros Halkias', 'Alicia Silverstone']","['saving the world', 'capitalism', 'kidnapping', 'paranoia', 'delusion', 'symbolism', 'dark comedy', 'satire', 'alien', 'remake', 'extraterrestrial', 'alien invasion', 'power politics', 'mental illness', 'hierarchy', 'global threat', 'absurdism', 'political conflict', 'alien conspiracy', 'ecologism', 'social critique', 'excited', 'comedy horror']",119.0,22.6645,7.3,2344.0,https://image.tmdb.org/t/p/w500/rSdOua3wKMEaFWDcKAYWRjXQWOt.jpg,True
Christy,2025,3.0,Her story is both incredible and heartbreaking. Sydney's performance was really good in a few parts but often times her accent and shadow boxing just took me out of the movie lol,1287322.0,Christy,Christy,2025-10-27,"Christy Martin never imagined life beyond her small-town roots in West Virginia—until she discovered a knack for punching people. Fueled by grit, raw determination, and an unshakable desire to win, she charges into the world of boxing under the guidance of her trainer and manager-turned-husband, Jim. But while Christy flaunts a fiery persona in the ring, her toughest battles unfold outside it—confronting family, identity, and a relationship that just might become life-or-death.","['History', 'Drama']",David Michôd,"['Sydney Sweeney', 'Ben Foster', 'Merritt Wever', ""Katy O'Brian"", 'Ethan Embry']","['attempted murder', 'based on true story', 'west virginia', 'domestic violence', 'female boxing', 'boxing', '1990s', 'sports drama', 'admiring', 'assertive', 'based on real person', 'biographical drama']",134.0,12.1402,7.07,222.0,https://image.tmdb.org/t/p/w500/fDsxBOmBFL57QtKM9kTJ3AQU8lD.jpg,True
Princess Mononoke,1997,4.0,I wanna be him he's so cool,128.0,Princess Mononoke,もののけ姫,1997-07-12,"Ashitaka, a prince of the disappearing Emishi people, is cursed by a demonized boar god and must journey to the west to find a cure. Along the way, he encounters San, a young human woman fighting to protect the forest, and Lady Eboshi, who is trying to destroy it. Ashitaka must find a way to bring balance to this conflict.","['Adventure', 'Fantasy', 'Animation']",Hayao Miyazaki,"['Yoji Matsuda', 'Yuriko Ishida', 'Yuko Tanaka', 'Kaoru Kobayashi', 'Masahiko Nishimura']","['friendship', 'human vs nature', 'wolf', 'fight', 'wild boar', 'territory', 'leprosy', 'feral child', 'decapitation', 'rural area', 'historical fiction', 'spirit', 'demon', 'nature', 'environmentalism', 'adult animation', 'deforestation', 'anime', 'thoughtful', 'philosophical', 'industrialization', 'fantasy', 'adventure']",134.0,20.2905,8.319,9227.0,https://image.tmdb.org/t/p/w500/cMYCDADoLKLbB83g4WnJegaZimC.jpg,True
Surf's Up,2007,5.0,If I had 5 to pick 5 movies that I could watch the rest of my life this would be in my 5. Best soundtrack ever,9408.0,Surf's Up,Surf's Up,2007-06-08,"With a documentary crew in tow, Cody Maverick—a young surfer from Antarctica—travels to the pacific for his first professional competition. Determined to earn respect and live up to his idol, Big Z, Cody pushes himself to the limit. But all that changes when an encounter with a laid-back local forces him to rethink his values.","['Animation', 'Comedy', 'Family']",Chris Buck,"['Shia LaBeouf', 'Jeff Bridges', 'Zooey Deschanel', 'Jon Heder', 'James Woods']","['sea', 'surfer', 'surfboard', 'wave', 'chicken', 'giant wave', 'penguin', 'world champion', 'mockumentary', 'anthropomorphism', 'animals', 'mystical world', 'anthropomorphic animal', '3d animation']",85.0,8.5646,6.5,2817.0,https://image.tmdb.org/t/p/w500/tTDsCVlDA8QR4Dc6t6nERfwl5z.jpg,True
Now You See Me: Now You Don't,2025,3.0,"Entertaining, obviously good amount of cringe but we knew that going into it",425274.0,Now You See Me: Now You Don't,Now You See Me: Now You Don't,2025-11-12,"The original Four Horsemen reunite with a new generation of illusionists to take on powerful diamond heiress Veronika Vanderberg, who leads a criminal empire built on money laundering and trafficking. The new and old magicians must overcome their differences to work together on their most ambitious heist yet.","['Crime', 'Thriller']",Ruben Fleischer,"['Jesse Eisenberg', 'Dominic Sessa', 'Ariana Greenblatt', 'Justice Smith', 'Rosamund Pike']","['diamond', 'antwerp', 'sequel', 'diamond heist', 'misdirection', 'hidden agenda', 'sleight of hand', 'team up', 'absurd', 'condescending', 'mystery and intrigue', 'antwerp diamonds', 'magic heist', 'illusion mastery', 'team synergy', 'showmanship', 'illusionist team', 'twist reveal', 'international theft']",112.0,33.8143,6.47,1789.0,https://image.tmdb.org/t/p/w500/oD3Eey4e4Z259XLm3eD3WGcoJAh.jpg,True
Ocean's Eight,2018,3.0,Plane movie,402900.0,Ocean's Eight,Ocean's Eight,2018-06-07,"Debbie Ocean, a criminal mastermind, gathers a crew of female thieves to pull off the heist of the century at New York's annual Met Gala.","['Crime', 'Comedy', 'Action']",Gary Ross,"['Sandra Bullock', 'Cate Blanchett', 'Anne Hathaway', 'Mindy Kaling', 'Sarah Paulson']","['new york city', 'heist', 'spin off', 'estranged sister', 'the met gala', 'cliché']",111.0,14.1763,6.9,8961.0,https://image.tmdb.org/t/p/w500/MvYpKlpFukTivnlBhizGbkAe3v.jpg,True
I Know What You Did Last Summer,2025,2.5,It's like if scream was bad. Great for a plane ride though,1083433.0,I Know What You Did Last Summer,I Know What You Did Last Summer,2025-07-16,"When five friends inadvertently cause a deadly car accident, they cover up their involvement and make a pact to keep it a secret rather than face the consequences. A year later, their past comes back to haunt them and they're forced to confront a horrifying truth: someone knows what they did last summer…and is hell-bent on revenge.","['Horror', 'Thriller', 'Mystery']",Jennifer Kaytin Robinson,"['Chase Sui Wonders', 'Madelyn Cline', 'Jonah Hauer-King', 'Tyriq Withers', 'Sarah Pidgeon']","['fisherman', 'harpoon', 'sequel', 'revenge', 'murder', 'serial killer', 'slasher', 'car accident', 'killer', 'group of friends', 'fourth of july', 'nostalgic', 'engagement party', 'duringcreditsstinger', 'seaside town', 'hopeless', 'insecure', 'absurd', 'horror', 'holiday horror', 'cliché', 'conceited']",111.0,10.7065,5.6,858.0,https://image.tmdb.org/t/p/w500/8FP2ObEGIiQYQCf83gL4ZVzwZF8.jpg,True
The Day of the Jackal,1973,3.5,Ended very abruptly,4909.0,The Day of the Jackal,The Day of the Jackal,1973-05-16,"An international assassin known as ‘The Jackal’ is employed by disgruntled French generals to kill President Charles de Gaulle, with a dedicated gendarme on the assassin’s trail.","['Action', 'Thriller']",Fred Zinnemann,"['Edward Fox', 'Terence Alexander', 'Michel Auclair', 'Alan Badel', 'Tony Britton']","['assassin', 'assassination', 'france', 'paris, france', 'based on novel or book', 'police', 'hitman', 'traitor', 'castle', 'fake identity', 'disguise', 'assassination of president', 'assassination attempt', 'denunciation']",143.0,9.5553,7.527,705.0,https://image.tmdb.org/t/p/w500/vThgcb3JOj99yETg8WChuci4LV2.jpg,True
Wake Up Dead Man,2025,3.0,Better than glass onion but that's not saying much,812583.0,Wake Up Dead Man: A Knives Out Mystery,Wake Up Dead Man: A Knives Out Mystery,2025-11-26,"When young priest Jud Duplenticy is sent to assist charismatic firebrand Monsignor Jefferson Wicks, it’s clear that all is not well in the pews. After a sudden and seemingly impossible murder rocks the town, the lack of an obvious suspect prompts local police chief Geraldine Scott to join forces with renowned detective Benoit Blanc to unravel a mystery that defies all logic.","['Thriller', 'Mystery', 'Comedy']",Rian Johnson,"['Daniel Craig', ""Josh O'Connor"", 'Glenn Close', 'Josh Brolin', 'Mila Kunis']","['dark comedy', 'sequel', 'whodunit', 'murder investigation', 'murder mystery', 'upstate new york', 'web of lies', 'mystery thriller', 'hidden motives', 'clue‑based deduction', 'high‑society secrets', 'eccentric detective', 'manipulative personalities', 'hidden relationships', 'isolated mansion', 'character‑driven mystery']",145.0,15.9371,7.209,2810.0,https://image.tmdb.org/t/p/w500/iV9LM8aUb83BjCCx2RUnKE5sSQg.jpg,True
Marty Supreme,2025,4.5,"Want to start by saying great movie. I really wish Timmy showed a little more emotion throughout the film instead of just a lot of yelling. I do think he played the character very well and it def seems like it was written for him. The final scene with the baby is what I felt the most and wish there was more of that. 

Uncut gems style but not as much anxiety. 

Also score could have been better I think, just similar thing where I didn't really feeeeel it and the music was part of that. 

All in all great movie that everyone must watch",1317288.0,Marty Supreme,Marty Supreme,2025-12-19,"Marty Mauser, a young man with a dream no one respects, goes to hell and back in pursuit of greatness.","['Drama', 'Thriller']",Josh Safdie,"['Timothée Chalamet', 'Gwyneth Paltrow', ""Odessa A'zion"", ""Kevin O'Leary"", 'Tyler, The Creator']","['new york city', 'sports', 'capitalism', 'hustler', 'narcissism', 'ping pong', 'scheming', '1950s', 'dedication', 'american businessman', 'table tennis', 'amused', 'bewildered']",150.0,24.9299,7.362,2145.0,https://image.tmdb.org/t/p/w500/lYWEXbQgRTR4ZQleSXAgRbxAjvq.jpg,True
Marty Supreme,2025,4.5,Full extra star after seeing it in theaters. Great movie made for the big screen,1317288.0,Marty Supreme,Marty Supreme,2025-12-19,"Marty Mauser, a young man with a dream no one respects, goes to hell and back in pursuit of greatness.","['Drama', 'Thriller']",Josh Safdie,"['Timothée Chalamet', 'Gwyneth Paltrow', ""Odessa A'zion"", ""Kevin O'Leary"", 'Tyler, The Creator']","['new york city', 'sports', 'capitalism', 'hustler', 'narcissism', 'ping pong', 'scheming', '1950s', 'dedication', 'american businessman', 'table tennis', 'amused', 'bewildered']",150.0,24.9299,7.362,2145.0,https://image.tmdb.org/t/p/w500/lYWEXbQgRTR4ZQleSXAgRbxAjvq.jpg,True
Stranger Things 5: The Finale,2025,3.0,"One hour of ""wait.... say that again"" and one hour of fan service. It was like fine idk",,,,,,,,,,,,,,,False
"Kumiko, the Treasure Hunter",2014,4.0,"Very good looking movie, tragic story",244563.0,"Kumiko, the Treasure Hunter","Kumiko, the Treasure Hunter",2014-11-13,"Frustrated with her mundane life, a Tokyo office worker becomes obsessed with a fictional movie that she mistakes for a documentary. Fixating on a scene where stolen cash is buried in North Dakota, she travels to America to find it.",['Drama'],David Zellner,"['Rinko Kikuchi', 'Nobuyuki Katsube', 'Kanako Higashi', 'Ichi Kyokaku', 'Ayaka Onishi']","['japan', 'language barrier', 'treasure hunt', 'north dakota', 'rabbit', 'tragic']",104.0,1.9157,6.587,303.0,https://image.tmdb.org/t/p/w500/wZU05LeIZE6azWUCnjYhEHeCDHB.jpg,True
The Rip,2026,3.0,Pretty good for a Netflix movie,1306368.0,The Rip,The Rip,2026-01-13,"Trust frays when a team of Miami cops discovers millions in cash inside a run-down stash house, calling everyone — and everything — into question.","['Action', 'Thriller', 'Crime']",Joe Carnahan,"['Matt Damon', 'Ben Affleck', 'Teyana Taylor', 'Steven Yeun', 'Catalina Sandino Moreno']","['drug crime', 'miami, florida', 'police', 'investigation', 'cover-up', 'betrayal', 'shootout', 'dirty cop', 'trust', 'double cross', 'attic', 'sting operation', 'cartel', 'hidden money', 'fbi agent', 'drug money', 'violence', 'loyalty conflict']",113.0,25.0507,7.089,1891.0,https://image.tmdb.org/t/p/w500/4wsYWH73Hb1B6noGIFaRQSAkuXj.jpg,True
Casino Royale,2006,3.5,,36557.0,Casino Royale,Casino Royale,2006-11-14,"Le Chiffre, a banker to the world's terrorists, is scheduled to participate in a high-stakes poker game in Montenegro, where he intends to use his winnings to establish his financial grip on the terrorist market. M sends Bond—on his maiden mission as a 00 Agent—to attend this game and prevent Le Chiffre from winning. With the help of Vesper Lynd and Felix Leiter, Bond enters the most important poker game in his already dangerous career.","['Adventure', 'Action', 'Thriller']",Martin Campbell,"['Daniel Craig', 'Eva Green', 'Mads Mikkelsen', 'Judi Dench', 'Jeffrey Wright']","['banker', 'casino', 'based on novel or book', 'poker', 'italy', 'spy', 'money', 'torture', 'terrorism', 'mi6', 'british secret service', 'montenegro', 'james bond', 'dramatic', 'suspenseful', 'action', 'adventure', 'earnest']",144.0,16.8034,7.576,11949.0,https://image.tmdb.org/t/p/w500/lMrxYKKhd4lqRzwUHAy5gcx9PSO.jpg,True
Arrival,2016,4.5,Wow,329865.0,Arrival,Arrival,2016-11-10,"Taking place after alien crafts land around the world, an expert linguist is recruited by the military to determine whether they come in peace or are a threat.","['Drama', 'Science Fiction', 'Mystery']",Denis Villeneuve,"['Amy Adams', 'Jeremy Renner', 'Forest Whitaker', 'Michael Stuhlbarg', ""Mark O'Brien""]","['spacecraft', 'extraterrestrial technology', 'loss', 'time', 'alien', 'language', 'female protagonist', 'scientist', 'heartbreak', 'based on short story', 'alien contact', 'military', 'alien language', 'linguist', 'first contact', 'communication', 'linguistics', 'time-manipulation', 'complex', 'determinism', 'science fiction', 'wistful', 'incredulous', 'hopeful']",116.0,24.3333,7.633,19788.0,https://image.tmdb.org/t/p/w500/pEzNVQfdzYDzVK0XqxERIw2x2se.jpg,True
Train Dreams,2025,4.5,As gorgeous a movie as it is heartbreaking,1241983.0,Train Dreams,Train Dreams,2025-11-05,A logger leads a life of quiet grace as he experiences love and loss during an era of monumental change in early 20th-century America.,['Drama'],Clint Bentley,"['Joel Edgerton', 'Felicity Jones', 'Nathaniel Arcand', 'Clifton Collins Jr.', 'John Diehl']","['husband wife relationship', 'based on novel or book', 'slice of life', 'lumberjack', 'logger', 'railroad worker', 'pacific northwest', 'poetic']",102.0,11.1544,7.312,1158.0,https://image.tmdb.org/t/p/w500/jnaOmD9PmAkNjgVtCn17o7clOYe.jpg,True
Hamnet,2025,4.0,Jesse Buckley crushed the entire runtime but I wasn't really bought in for the first hour. The back half was magnificent though I wasn't enthralled,858024.0,Hamnet,Hamnet,2025-11-26,"The powerful story of love and loss that inspired the creation of Shakespeare's timeless masterpiece, Hamlet.","['Drama', 'Romance']",Chloé Zhao,"['Jessie Buckley', 'Paul Mescal', 'Emily Watson', 'Joe Alwyn', 'Jacobi Jupe']","['based on novel or book', 'grief', 'historical fiction', 'death in family', 'motherhood', 'woman director', '16th century', 'somber', 'period film', 'sentimental', 'compassionate', 'tragic', 'based on real person']",125.0,16.2912,7.718,1576.0,https://image.tmdb.org/t/p/w500/vbeyOZm2bvBXcbgPD3v6o94epPX.jpg,True
Infinity Pool,2023,4.0,This movie was so good but so fucked up,667216.0,Infinity Pool,Infinity Pool,2023-01-27,"While staying at an isolated island resort, James and Em are enjoying a perfect vacation of pristine beaches, exceptional staff, and soaking up the sun. But guided by the seductive and mysterious Gabi, they venture outside the resort grounds and find themselves in a culture filled with violence, hedonism, and untold horror. A tragic accident leaves them facing a zero tolerance policy for crime: either you'll be executed, or, if you’re rich enough to afford it, you can watch yourself die instead.","['Horror', 'Science Fiction', 'Thriller']",Brandon Cronenberg,"['Alexander Skarsgård', 'Mia Goth', 'Cleopatra Coleman', 'Jalil Lespert', 'Adam Boncz']","['infidelity', 'island', 'identity', 'clone', 'eroticism', 'orgy', 'hallucination', 'surrealism', 'vacation', ""writer's block"", 'drug trip', 'interracial relationship', 'execution', 'humiliation', 'hedonism', 'body horror', 'nepotism']",118.0,6.8854,6.047,1098.0,https://image.tmdb.org/t/p/w500/cQKyNm0Nz6KWiDBQF9w4aZAmOfC.jpg,True
Mulholland Drive,2001,5.0,Oh my god,1018.0,Mulholland Drive,Mulholland Drive,2001-06-06,"Blonde Betty Elms has only just arrived in Hollywood to become a movie star when she meets an enigmatic brunette with amnesia. Meanwhile, as the two set off to solve the second woman's identity, filmmaker Adam Kesher runs into ominous trouble while casting his latest project.","['Thriller', 'Drama', 'Mystery']",David Lynch,"['Naomi Watts', 'Laura Harring', 'Justin Theroux', 'Ann Miller', 'Mark Pellegrino']","['amnesia', 'loss of sense of reality', 'schizophrenia', 'nightmare', 'hitman', 'suppressed past', 'identity', 'key', 'detective', 'job interview', 'bisexuality', 'trauma', 'hallucination', 'surreal', 'surrealism', 'casting', 'hollywood', 'los angeles, california', 'car accident', 'audition', 'doppelgänger', 'neo-noir', 'audacious', 'awestruck']",147.0,14.5438,7.798,7249.0,https://image.tmdb.org/t/p/w500/x7A59t6ySylr1L7aubOQEA480vM.jpg,True
Triangle of Sadness,2022,4.0,My one critique is that it didn't have to be 2.5 hours long,497828.0,Triangle of Sadness,Triangle of Sadness,2022-09-18,"A celebrity model couple are invited on a luxury cruise for the uber-rich, helmed by an unhinged, alcoholic captain. What first appears Instagrammable ends catastrophically, leaving the survivors stranded on a desert island in a struggle of hierarchy.","['Comedy', 'Drama']",Ruben Östlund,"['Harris Dickinson', 'Charlbi Dean', 'Dolly de Leon', 'Woody Harrelson', 'Zlatko Burić']","['dark comedy', 'satire', 'survival', 'stranded', 'cruise ship', 'class differences', 'model', 'gender roles', 'questioning', 'sinking ship', 'food rationing', 'power struggle', 'philosophical', 'satirical', 'luxury yacht', 'social media influencer', 'social climber', 'critical', 'wealth inequality', 'bold', 'informative']",147.0,8.8367,7.003,2991.0,https://image.tmdb.org/t/p/w500/k9eLozCgCed5FGTSdHu0bBElAV8.jpg,True
Project Hail Mary,2026,4.0,So good. They got a little greedy towards the end but so good,687163.0,Project Hail Mary,Project Hail Mary,2026-03-15,"Science teacher Ryland Grace wakes up on a spaceship light years from home with no recollection of who he is or how he got there. As his memory returns, he begins to uncover his mission: solve the riddle of the mysterious substance causing the sun to die out. He must call on his scientific knowledge and unorthodox ideas to save everything on Earth from extinction.","['Science Fiction', 'Adventure']",Phil Lord,"['Ryan Gosling', 'Sandra Hüller', 'James Ortiz', 'Lionel Boyce', 'Milana Vayntrub']","['friendship', 'coma', 'based on novel or book', 'bravery', 'sun', 'language barrier', 'space travel', 'space mission', 'alien', 'space', 'memory loss', 'astronaut', 'scientist', 'science teacher', 'save the planet', 'spaceship', 'interspecies friendship']",157.0,103.0339,8.646,7476.0,https://image.tmdb.org/t/p/w500/yihdXomYb5kTeSivtFndMy5iDmf.jpg,True
Jack Reacher,2012,2.5,,75780.0,Jack Reacher,Jack Reacher,2012-12-20,"One morning in an ordinary town, five people are shot dead in a seemingly random attack. All evidence points to a single suspect: an ex-military sniper who is quickly brought into custody. The interrogation yields one written note: 'Get Jack Reacher!'. Reacher, an enigmatic ex-Army investigator, believes the authorities have the right man but agrees to help the sniper's defense attorney. However, the more Reacher delves into the case, the less clear-cut it appears. So begins an extraordinary chase for the truth, pitting Jack Reacher against an unexpected enemy, with a skill for violence and a secret to keep.","['Crime', 'Drama', 'Thriller', 'Action']",Christopher McQuarrie,"['Tom Cruise', 'Rosamund Pike', 'Richard Jenkins', 'David Oyelowo', 'Werner Herzog']","['sniper', 'coma', 'based on novel or book', 'detective', 'investigation', 'police chase', 'investigator', 'district attorney', 'defense attorney', 'military police', 'murder investigation', 'loner', 'off the grid', 'mass shooting', 'ex army', 'father daughter relationship', 'army veteran', 'physical evidence', 'fist fight', 'forensic evidence', 'gun range', 'random act of violence']",130.0,18.3276,6.677,7826.0,https://image.tmdb.org/t/p/w500/uQBbjrLVsUibWxNDGA4Czzo8lwz.jpg,True
The Drama,2026,4.0,If you see this please talk to me about it,1325734.0,The Drama,The Drama,2026-04-01,A happily engaged couple is put to the test when an unexpected turn sends their wedding week off the rails.,"['Romance', 'Comedy', 'Drama']",Kristoffer Borgli,"['Zendaya', 'Robert Pattinson', 'Alana Haim', 'Mamoudou Athie', 'Hailey Benton Gates']","['infidelity', 'boston, massachusetts', 'dark comedy', 'romcom', 'engaged couple', 'trust issues', 'provocative', 'romantic', 'adoring', 'audacious', 'melodramatic', 'sympathetic']",105.0,37.0847,6.923,1685.0,https://image.tmdb.org/t/p/w500/rnIOUhzwJDfgQakx8EjoNyItKgs.jpg,True
Hoppers,2026,3.5,This was fun,1327819.0,Hoppers,Hoppers,2026-03-04,"Scientists have discovered how to 'hop' human consciousness into lifelike robotic animals, allowing people to communicate with animals as animals. Animal lover Mabel seizes an opportunity to use the technology, uncovering mysteries within the animal world beyond anything she could have imagined.","['Adventure', 'Animation', 'Comedy', 'Family', 'Science Fiction']",Daniel Chong,"['Piper Curda', 'Bobby Moynihan', 'Jon Hamm', 'Kathy Najimy', 'Dave Franco']","['human vs nature', 'spy', 'beaver', 'oregon, usa', 'transhumanism', 'consciousness', 'aftercreditsstinger', 'duringcreditsstinger', 'human becoming an animal', 'robotic animal', 'mischievous', '3d animation', 'amused', 'bold', 'enthusiastic', 'pixar']",104.0,53.0148,8.165,2271.0,https://image.tmdb.org/t/p/w500/xjtWQ2CL1mpmMNwuU5HeS4Iuwuu.jpg,True
Primal Fear,1996,4.5,Edward Norton in this is one of my favorite performances ever fully carries the movie,1592.0,Primal Fear,Primal Fear,1996-04-03,"Defense attorney Martin Vail takes on jobs for money and prestige rather than any sense of the greater good. His latest case involves an altar boy, accused of brutally murdering the archbishop of Chicago. Vail finds himself up against his ex-pupil and ex-lover, but as the case progresses and the Church's dark secrets are revealed, Vail finds that what appeared a simple case takes on a darker, more dangerous aspect.","['Crime', 'Drama', 'Thriller']",Gregory Hoblit,"['Richard Gere', 'Laura Linney', 'Edward Norton', 'John Mahoney', 'Alfre Woodard']","['chicago, illinois', 'death penalty', 'child abuse', 'corruption', 'based on novel or book', 'court case', 'court', 'psychopath', 'bishop', 'manipulation', 'pornographic video', 'lawyer', 'capital punishment', 'whodunit', 'psychiatrist', 'mental illness', 'taunting', 'murder trial', 'altar boy', 'courtroom drama', 'legal drama', 'legal thriller', 'suspenseful', 'harsh']",130.0,16.2036,7.7,4114.0,https://image.tmdb.org/t/p/w500/qJf2TzE8nRTFbFMPJNW6c8mI0KU.jpg,True
The Super Mario Galaxy Movie,2026,2.5,Good background movie,1226863.0,The Super Mario Galaxy Movie,The Super Mario Galaxy Movie,2026-04-01,"Having thwarted Bowser's previous plot to marry Princess Peach, Mario and Luigi now face a fresh threat in Bowser Jr., who is determined to liberate his father from captivity and restore the family legacy. Alongside companions new and old, the brothers travel across the stars to stop the young heir's crusade.","['Family', 'Comedy', 'Adventure', 'Fantasy', 'Animation']",Michael Jelenic,"['Chris Pratt', 'Charlie Day', 'Anya Taylor-Joy', 'Jack Black', 'Keegan-Michael Key']","['galaxy', 'friendship', 'sibling relationship', 'space travel', 'sequel', 'space', 'based on video game', 'buddy comedy', 'aftercreditsstinger', 'duringcreditsstinger', 'space adventure', 'father son relationship', 'parallel universe', 'brother brother relationship', 'talking animal', 'magic land', '3d animation', 'adoring']",98.0,67.5869,8.243,3583.0,https://image.tmdb.org/t/p/w500/eJGWx219ZcEMVQJhAgMiqo8tYY.jpg,True
Wind River,2017,3.5,Lotta Carhartt,395834.0,Wind River,Wind River,2017-08-03,An FBI agent teams with the town's veteran game tracker to investigate a murder that occurred on a Native American reservation.,"['Crime', 'Mystery', 'Thriller']",Taylor Sheridan,"['Jeremy Renner', 'Elizabeth Olsen', 'Gil Birmingham', 'Graham Greene', 'Jon Bernthal']","['wyoming, usa', 'fbi', 'investigation', 'native american', 'murder', 'native american reservation', 'questioning', 'mysterious', 'disturbed', 'nervous', 'cautionary', 'serious', 'depressing', 'apologetic', 'audacious', 'awestruck', 'forceful', 'tragic', 'native american awareness']",107.0,12.9201,7.44,5915.0,https://image.tmdb.org/t/p/w500/pySivdR845Hom4u4T2WNkJxe6Ad.jpg,True
The Infiltrator,2016,2.5,,325789.0,The Infiltrator,The Infiltrator,2016-07-13,A U.S Customs official uncovers a massive money laundering scheme involving Pablo Escobar.,"['Crime', 'Drama', 'Thriller']",Brad Furman,"['Bryan Cranston', 'Diane Kruger', 'John Leguizamo', 'Daniel Mays', 'Benjamin Bratt']","['undercover', 'biography', 'drugs', 'drug lord', 'suspenseful', 'critical', 'tense', 'callous', 'distressing', 'foreboding', 'ominous', 'powerful']",127.0,5.0094,6.68,1852.0,https://image.tmdb.org/t/p/w500/758F57DxVRLe38S1Je4O1Bjx2u6.jpg,True
The Devil Wears Prada,2006,4.0,Great movie,350.0,The Devil Wears Prada,The Devil Wears Prada,2006-06-29,"A young woman from the Midwest gets more than she bargained for when she moves to New York to become a writer and ends up as the assistant to the tyrannical, larger-than-life editor-in-chief of a major fashion magazine.","['Drama', 'Comedy']",David Frankel,"['Meryl Streep', 'Anne Hathaway', 'Emily Blunt', 'Stanley Tucci', 'Simon Baker']","['new york city', 'journalist', 'paris, france', 'based on novel or book', 'journalism', 'fashion journal', 'assistant', 'job entrant', 'job interview', 'editor-in-chief', 'fashion', 'fashion magazine', 'bullied', 'city life', 'fashion industry', 'ambivalent', 'workplace drama']",109.0,31.5976,7.438,14170.0,https://image.tmdb.org/t/p/w500/8912AsVuS7Sj915apArUFbv6F9L.jpg,True
The Iceman,2012,2.0,,68812.0,The Iceman,The Iceman,2012-09-01,"The true story of Richard Kuklinski, the notorious contract killer and family man.","['Thriller', 'Crime', 'Drama']",Ariel Vromen,"['Michael Shannon', 'Winona Ryder', 'Ray Liotta', 'Chris Evans', 'David Schwimmer']","['van', 'new jersey', 'hitman', 'psychopath', 'restaurant', 'arrest', 'based on true story', 'jail', 'serial killer', 'drug dealing', 'stabbing', 'crime family', 'cynical', 'bombing', 'blunt', 'ice cream man \xa0', 'psychotic', 'contract killer', 'crime syndicate', 'detached', 'aggressive', 'vexed', 'poisoning', 'cautionary', 'dramatic', 'antagonistic', 'callous', 'cruel']",105.0,5.6255,6.553,1173.0,https://image.tmdb.org/t/p/w500/3edygPSm9XdISHza8zqHUVAQHAD.jpg,True
Scooby-Doo 2: Monsters Unleashed,2004,3.0,Myyysssteeryyyyyyyyy incooooooorporaaaated,11024.0,Scooby-Doo 2: Monsters Unleashed,Scooby-Doo 2: Monsters Unleashed,2004-03-24,"A masked villain wreaks mayhem on the city of Coolsville with a monster machine that creates real-life versions of Mystery Inc.'s former foes like The 10,000 Volt Ghost, The Cotton Candy Glob, The Skelemen and The Pterodactyl Ghost. Fred, Daphne, Shaggy, Velma and Scooby-Doo launch an investigation into the monster outbreak that leaves Shaggy and Scooby questioning their roles in Mystery Inc. Eager to prove their detective skills, the ever-ravenous duo comes up with a secret plan to solve the mystery all by themselves. Can the gang unravel their most challenging case?","['Mystery', 'Adventure', 'Comedy']",Raja Gosnell,"['Freddie Prinze Jr.', 'Sarah Michelle Gellar', 'Matthew Lillard', 'Linda Cardellini', 'Neil Fanning']","['monster', 'detective', 'sequel', 'based on cartoon', 'dog', 'aftercreditsstinger', 'duringcreditsstinger', 'live action and animation', 'playful', 'courage']",93.0,4.7111,6.111,2977.0,https://image.tmdb.org/t/p/w500/5BrXCJrs22bR5KR6mLHluYo6y4m.jpg,True
The Devil Wears Prada 2,2026,3.0,Streep and Tucci are the only ones with chemistry in this movie,1314481.0,The Devil Wears Prada 2,The Devil Wears Prada 2,2026-04-29,"Andy Sachs returns to Runway as Miranda Priestly navigates a new media landscape and Runway's position within. The duo reconnect with former assistant Emily Charlton, now the head of a luxury brand that possesses funding which could ensure Runway's survival.","['Comedy', 'Drama']",David Frankel,"['Anne Hathaway', 'Meryl Streep', 'Emily Blunt', 'Stanley Tucci', 'Kenneth Branagh']","['new york city', 'based on novel or book', 'sequel', 'fashion', 'fashion magazine', 'dramedy', 'magazine editor', 'fashion industry', 'fashionista', 'whimsical', 'ambiguous']",119.0,72.52,7.055,2240.0,https://image.tmdb.org/t/p/w500/xTI42pmsP5EDnvsNJPEDubwWBQO.jpg,True
The Sheep Detectives,2026,4.0,If the latest knives out was actually good and the cast was all sheep,1301421.0,The Sheep Detectives,The Sheep Detectives,2026-04-30,"George Hardy is a shepherd who reads detective novels to his beloved sheep every night, assuming they can't possibly understand. But when a mysterious incident disrupts life on the farm, the sheep realize they must become the detectives. As they follow the clues and investigate human suspects, they prove that even sheep can be brilliant crime-solvers.","['Comedy', 'Family', 'Mystery']",Kyle Balda,"['Hugh Jackman', 'Nicholas Braun', 'Nicholas Galitzine', 'Molly Gordon', 'Julia Louis-Dreyfus']","['shepherd', 'based on novel or book', 'investigation', 'murder', 'aftercreditsstinger', 'murder mystery', 'investigate', 'talking animal', 'inspirational', 'adoring', 'whodunnit', 'animal adventure', 'bumbling detective']",109.0,52.8961,7.945,1564.0,https://image.tmdb.org/t/p/w500/iKy5460GdsoknM8ppmGlJbKxAKa.jpg,True
Send Help,2026,3.0,It's like triangle of sadness without the sex,1198994.0,Send Help,Send Help,2026-01-22,"Two colleagues become stranded on a deserted island, the only survivors of a plane crash. On the island, they must overcome past grievances and work together to survive, but ultimately, it's a battle of wills and wits to make it out alive.","['Horror', 'Thriller', 'Comedy']",Sam Raimi,"['Rachel McAdams', ""Dylan O'Brien"", 'Edyll Ismail', 'Xavier Samuel', 'Dennis Haysbert']","['bullying', 'role reversal', 'survival', 'struggle for survival', 'survival horror', 'deserted island', 'power struggle', 'colleagues', 'bullying in the workplace', 'plane crash', 'gender inequality', 'comedy thriller', 'comedy horror']",113.0,24.4661,7.0,2245.0,https://image.tmdb.org/t/p/w500/zbJWVHOtj3ljBzWgL1P8pxP03Up.jpg,True
Under the Silver Lake,2018,4.0,"I can't really tell if this is a masterpiece or a movie that's trying to do too much but I loved it. I absolutely love noir and neo noir type movies that are weird and psychedelic (inherent vice being one of my favorites), so this worked for me but once again can easily see gore it doesn't work for a lot of people. 

It's like if Chinatown, inherent vice, and midsommar had a weird child",396461.0,Under the Silver Lake,Under the Silver Lake,2018-08-08,"Young and disenchanted Sam meets a mysterious and beautiful woman who's swimming in his building's pool one night. When she suddenly vanishes the next morning, Sam embarks on a surreal quest across Los Angeles to decode the secret behind her disappearance, leading him into the murkiest depths of mystery, scandal and conspiracy.","['Crime', 'Drama', 'Mystery']",David Robert Mitchell,"['Andrew Garfield', 'Riley Keough', 'Topher Grace', 'Callie Hernandez', 'Don McManus']","['secret society', 'seduction', 'dark comedy', 'surrealism', 'dream sequence', 'voyeur', 'part animation', 'mysterious', 'neo-noir', 'hollywood hills', 'subliminal message']",139.0,6.2166,6.3,1657.0,https://image.tmdb.org/t/p/w500/cJ9aKlEgTLYtpYjNqin06YqJRUl.jpg,True
Obsession,2025,4.5,This movie has it. This is the feeling I was hoping I was going to get from long legs. One of the best horror movies in recent memory,1436161.0,Obsession,Obsession,2025-03-28,"Daisy is perfect. Ramona is not perfect. Therefore, Daisy must watch Ramona. Daisy must follow Ramona. Daisy must perfect Ramona.",['Thriller'],Audrey Collins,"['Piper Colyar', 'Angus Chlebecek', 'Shoshana Gunasekera', 'Izzy Tiska', 'Audrey Collins']",[],18.0,1.2753,0.0,0.0,,True
Tuner,2025,3.5,Really good movie Dustin Hoffman was great.,1340206.0,Tuner,Tuner,2026-05-21,"A talented piano tuner's meticulous skills for tuning pianos lead him to discover an unexpected aptitude for cracking safes, turning his life upside down.","['Crime', 'Drama', 'Thriller']",Daniel Roher,"['Leo Woodall', 'Havana Rose Liu', 'Lior Raz', 'Tovah Feldshuh', 'Gil Cohen']","['robbery', 'mentor', 'child prodigy', 'romance', 'theft', 'pianist', 'disability', 'headphones', 'tuner', 'piano', 'hearing impaired', 'lyrical', 'noise', 'piano tuner', 'safecracking', 'hyperacusis', 'medical bills', 'hearing condition', 'hearing disorder', 'perfect pitch']",108.0,23.5868,7.6,373.0,https://image.tmdb.org/t/p/w500/5OvA3i9wZs5jHu0DCrfmXlzAM67.jpg,True
Licorice Pizza,2021,3.0,Loved the look and the vibe and the music just never got too invested,718032.0,Licorice Pizza,Licorice Pizza,2021-11-26,"The story of Gary Valentine and Alana Kane growing up, running around and going through the treacherous navigation of first love in the San Fernando Valley, 1973.","['Drama', 'Comedy', 'Romance']",Paul Thomas Anderson,"['Alana Haim', 'Cooper Hoffman', 'Sean Penn', 'Tom Waits', 'Bradley Cooper']","['high school', 'california', 'jealousy', '1970s', 'bed', 'mattress shop', 'politician', 'coming of age', 'love', 'teenage love', 'former child star', 'young love', 'san fernando valley', 'pinball machine', 'self confidence', 'aggressive', 'young entrepreneur', 'closeted homosexual', 'brother brother relationship', 'jewish', 'age-gap relationship', 'period piece', 'teenager']",133.0,8.9701,6.944,2761.0,https://image.tmdb.org/t/p/w500/ivXtvzfliGvoJ1DhSHIGyYBToWe.jpg,True
Lost Highway,1997,3.5,I enjoy being unsettled,638.0,Lost Highway,Lost Highway,1997-01-15,"A tormented jazz musician finds himself lost in an enigmatic story involving murder, surveillance, gangsters, doppelgängers, and an impossible transformation inside a prison cell.","['Drama', 'Thriller', 'Mystery']",David Lynch,"['Patricia Arquette', 'Bill Pullman', 'Balthazar Getty', 'Robert Blake', 'Robert Loggia']","['prison', 'pornography', 'jealousy', 'dreams', 'dual identity', 'nightmare', 'police', 'sexual frustration', 'gangster', 'insanity', 'paranoia', 'prison cell', 'eroticism', 'bedroom', 'violent husband', 'headache', 'motel', 'transformation', 'death row', 'jazz singer or musician', 'highway', 'car mechanic', 'hallucination', 'suspicion', 'identity crisis', 'surrealism', 'car crash', 'murder', 'psychological thriller', 'los angeles, california', 'doppelgänger', 'videotape', 'fugue state', 'ambiguous']",134.0,10.8541,7.55,3029.0,https://image.tmdb.org/t/p/w500/5POhfNeFPIi4VUNwCTaK85sh98r.jpg,True
Backrooms,2026,3.0,Like the aesthetic but was kinda flat,1083381.0,Backrooms,Backrooms,2026-05-27,A strange doorway appears in the basement of a furniture showroom.,"['Horror', 'Mystery', 'Science Fiction']",Kane Parsons,"['Chiwetel Ejiofor', 'Renate Reinsve', 'Finn Bennett', 'Lukita Maxwell', 'Mark Duplass']","['california', 'monster', 'therapist', 'surrealism', 'childhood trauma', 'alcoholism', 'found footage', '1990s', 'other dimension', 'based on web series', 'psychological', 'liminal', 'body horror', 'psychological horror', 'liminal space', 'analog horror', 'sci-fi horror', 'bewildered', 'foreboding', 'liminal horror']",111.0,132.2215,7.065,3076.0,https://image.tmdb.org/t/p/w500/rhGx6E3qRNMgj3i5su2oukNHwIQ.jpg,True
Disclosure Day,2026,3.5,I think this is a good movie despite some of its glaring issues. I didn't enjoy when it tried to be this action movie with death defying stunts and some of the two places at once stuff didn't fully work for me. I think the last half hour made up for that and then some when it got back to what the movie always should have been about. Definitely did have old movie nostalgia made and set in modern times,1275779.0,Disclosure Day,Disclosure Day,2026-06-10,"A cybersecurity expert becomes a whistleblower after uncovering secrets about aliens, putting him on the run from a corporation. Meanwhile, a meteorologist experiencing strange phenomena joins forces with him to prove there's life beyond our understanding.","['Science Fiction', 'Thriller']",Steven Spielberg,"['Emily Blunt', ""Josh O'Connor"", 'Colin Firth', 'Eve Hewson', 'Colman Domingo']","['new york city', 'childhood trauma', 'alien', 'on the run', 'kansas city', 'mind reading', 'alien invasion', 'meteorologist', 'mysterious', 'paranoid', 'whistleblower', 'conspiracy thriller', 'arrogant']",146.0,118.7572,7.483,3138.0,https://image.tmdb.org/t/p/w500/AnJ8IQJI23hNpYXVNaythu061Ru.jpg,True
Toy Story 5,2026,3.0,Fun movie some parts worked some didn't nothing crazy,1084244.0,Toy Story 5,Toy Story 5,2026-06-17,"When Bonnie receives a Lilypad tablet as a gift and becomes obsessed, Buzz, Woody, Jessie and the rest of the gang's jobs become exponentially harder when they have to go head to head with the all-new threat to playtime.","['Animation', 'Family', 'Comedy', 'Adventure']",Andrew Stanton,"['Joan Cusack', 'Tom Hanks', 'Tim Allen', ""Conan O'Brien"", 'Scarlett Spears']","['farm', 'island', 'pig', 'horse', 'rescue mission', 'rivalry', 'sequel', 'love', 'stranded', 'wedding', 'tire swing', 'walkie talkie', 'cowgirl', 'blunt', 'cowboy', 'buddy comedy', 'duringcreditsstinger', 'toy comes to life', 'hippo', 'abandonment', 'toilet paper', 'replacement', 'toy', 'frog', '3d animation', 'tablet', 'pixar']",102.0,213.4425,8.31,1866.0,https://image.tmdb.org/t/p/w500/sfQtVlIHljToOwYjhe21KPGzZWK.jpg,True
Hokum,2026,3.0,Pretty scary pretty good horror movie nothing special though,1430077.0,Hokum,Hokum,2026-04-29,"When novelist Ohm Bauman retreats to a remote inn to scatter his parents' ashes, he is consumed by tales of a witch haunting the honeymoon suite. Disturbing visions and a shocking disappearance forces him to confront dark corners of his past.",['Horror'],Damian McCarthy,"['Adam Scott', 'Peter Coonan', 'David Wilmot', 'Florence Ordesh', 'Michael Patric']","['hotel', 'witch', 'mushroom', 'supernatural', 'grave', 'gothic horror', 'alcoholic', 'gothic', 'novelist', 'elevator', 'mysterious', 'folk horror', 'haunted', 'supernatural horror', 'remote inn', 'rural ireland', 'horror', 'sinister', 'funeral urn']",108.0,26.3251,6.891,808.0,https://image.tmdb.org/t/p/w500/x6rHcQFiYcczLQPrmxXPAicm54E.jpg,True
"Three Billboards Outside Ebbing, Missouri",2017,4.0,The Michael Jordan of Eddingtons,359940.0,"Three Billboards Outside Ebbing, Missouri","Three Billboards Outside Ebbing, Missouri",2017-12-01,"After seven months have passed without a culprit in her daughter's murder case, Mildred Hayes makes a bold move, painting three signs leading into her town with a controversial message directed at Bill Willoughby, the town's revered chief of police. When his second-in-command Officer Jason Dixon, an immature mother's boy with a penchant for violence, gets involved, the battle between Mildred and Ebbing's law enforcement is only exacerbated.","['Crime', 'Drama']",Martin McDonagh,"['Frances McDormand', 'Woody Harrelson', 'Sam Rockwell', 'Abbie Cornish', 'Lucas Hedges']","['small town', 'police brutality', 'missouri', 'alcoholism', 'murder', 'cancer', 'teenage girl', 'police corruption', 'racism', 'biting', 'guilty conscience', 'angry', 'serious', 'grieving mother', 'tragic']",115.0,12.5342,8.052,11144.0,https://image.tmdb.org/t/p/w500/bRYLt8fV82tdVoDppSFTZIcJiLN.jpg,True
No Other Choice,2025,4.5,Near perfect movie. I said wow out loud multiple times with some of these transitions/cuts. Truly a masterpiece,639988.0,No Other Choice,어쩔수가없다,2025-09-24,"After being laid off and humiliated by a ruthless job market, a veteran paper mill manager descends into violence in a desperate bid to reclaim his dignity.","['Comedy', 'Crime', 'Thriller']",Park Chan-wook,"['Lee Byung-hun', 'Son Ye-jin', 'Park Hee-soon', 'Lee Sung-min', 'Yeom Hye-ran']","['based on novel or book', 'dark comedy', 'remake', 'murder', 'unemployment', 'paper industry', 'unemployed', 'devoted family man', 'murder plot', 'amused']",139.0,16.5404,7.517,1254.0,https://image.tmdb.org/t/p/w500/vc2S0dvgpsM0XfSiXZDMVkRCSSU.jpg,True
Super 8,2011,4.0,"I'm thirsty, we're in a warzone",37686.0,Super 8,Super 8,2011-06-09,"In late 1970s Ohio, a group of friends filming a homemade zombie movie witness a devastating train derailment. Soon after, their quiet town is gripped by unexplained disappearances, strange phenomena, and a growing sense of fear, as they uncover that something terrifying has been set loose.","['Thriller', 'Science Fiction', 'Mystery']",J.J. Abrams,"['Joel Courtney', 'Elle Fanning', 'Riley Griffiths', 'Kyle Chandler', 'Noah Emmerich']","['1970s', 'alien', 'train crash', 'firecracker', 'super 8mm footage', 'duringcreditsstinger', 'complex', 'conspiracy thriller', 'joyous', 'suspenseful', 'intense', 'amused', 'comforting']",112.0,9.0556,6.784,7246.0,https://image.tmdb.org/t/p/w500/pUWIjaMMYJjeBm5bJyE3mIXdQ62.jpg,True
The Odyssey,2026,4.5,Epic. Better than Oppenheimer,1368337.0,The Odyssey,The Odyssey,2026-07-15,"Odysseus, the legendary King of Ithaca, embarks on a long and perilous journey home following the Trojan War. Throughout his voyage, he is forced to confront the whims of gods, mythological monsters, and trials that stretch both his cunning and his humanity to the breaking point.","['Adventure', 'Action', 'Fantasy']",Christopher Nolan,"['Matt Damon', 'Tom Holland', 'Anne Hathaway', 'Robert Pattinson', 'Himesh Patel']","['ship', 'trojan war', 'greek mythology', 'historical fiction', 'ancient world', 'period drama', 'based on song, poem or rhyme', 'greek history', 'voyage', 'peplum', 'ancient', 'trojan horse', 'mediterranean sea', 'bronze age', 'mythical', 'odyssey', 'sword and sandal', 'epic fantasy']",173.0,585.8749,7.988,3386.0,https://image.tmdb.org/t/p/w500/5rhTDKUhPYvpdQIijFIs5VoWsON.jpg,True
Limitless,2011,3.0,Very entertaining movie but some scenes are the most ridiculous thing I've ever seen (ice skating scene),51876.0,Limitless,Limitless,2011-03-17,The life of an unsuccessful writer is transformed by a top-secret 'smart drug' that allows him to use 100% of his brain and become a perfect version of himself. His enhanced abilities soon attract shadowy forces that threaten his new life.,"['Thriller', 'Mystery', 'Science Fiction']",Neil Burger,"['Bradley Cooper', 'Robert De Niro', 'Abbie Cornish', 'Andrew Howard', 'Anna Friel']","['new york city', 'medicine', 'politician', 'iq', 'pill', 'stalking', 'superhuman', 'transhumanism', 'writer', 'drugs', 'threat', 'knowledge', 'nootropics', 'mind booster', 'inspirational']",106.0,13.8086,7.202,11683.0,https://image.tmdb.org/t/p/w500/kCokPP4WCQRrrAuZ7FcpIyHr8b2.jpg,True
Empire of the Sun,1987,4.0,Christian bale owning the stage since a young child,10110.0,Empire of the Sun,Empire of the Sun,1987-12-09,"Jamie Graham, a privileged English boy, is living in Shanghai when the Japanese invade and force all foreigners into prison camps. Jamie is captured with an American sailor, who looks out for him while they are in the camp together. Even though he is separated from his parents and in a hostile environment, Jamie maintains his dignity and youthful spirit, providing a beacon of hope for the others held captive with him.","['Drama', 'History', 'War']",Steven Spielberg,"['Christian Bale', 'John Malkovich', 'Miranda Richardson', 'Nigel Havers', 'Joe Pantoliano']","['based on novel or book', 'shanghai, china', 'atomic bomb', 'stadium', 'bravery', 'peasant', 'world war ii', 'prisoner of war', 'coming of age', 'pacific war', 'chinese', 'japanese army', 'japanese soldier', 'japanese surrender', 'salt mine', 'internment camp', 'child protagonist', 'children in wartime', 'japanese occupation of china', 'suzhou, china']",153.0,6.2555,7.509,2190.0,https://image.tmdb.org/t/p/w500/gEaCzjwHoPgyQFcwHql7o5YLHAU.jpg,True
The Invite,2026,4.5,Best casting ever. Everyone absolutely nailed their roles. I could listen to an Edward Norton monologue for the entire run time. Great writing and great use of one apartment with 4 people. Really did feel like a play in the best way possible. Absolutely hilarious Seth Rogan comedic delivery master class Olivia Wilde very impressive directing and perfect in her role. Penelope knew exactly what to do with her character. So good,950028.0,The Invite,The Invite,2026-06-25,"Joe and Angela's marriage is on thin ice. When they invite their enigmatic upstairs neighbors for a dinner party, the night spirals into unexpected places. Have they reignited the spark or lit the match that burns it all down?","['Comedy', 'Drama', 'Romance']",Olivia Wilde,"['Seth Rogen', 'Olivia Wilde', 'Penélope Cruz', 'Edward Norton', 'Skip Howland']","['husband wife relationship', 'san francisco, california', 'remake', 'firefighter', 'sexologist', 'candid', 'anxious', 'exuberant', 'neighbors']",107.0,56.0014,7.272,401.0,https://image.tmdb.org/t/p/w500/b7Dr8Chzse8VagexAporUu2RtLx.jpg,True
The Invite,2026,4.5,Might even be better on the second watch. Love the mirrors,950028.0,The Invite,The Invite,2026-06-25,"Joe and Angela's marriage is on thin ice. When they invite their enigmatic upstairs neighbors for a dinner party, the night spirals into unexpected places. Have they reignited the spark or lit the match that burns it all down?","['Comedy', 'Drama', 'Romance']",Olivia Wilde,"['Seth Rogen', 'Olivia Wilde', 'Penélope Cruz', 'Edward Norton', 'Skip Howland']","['husband wife relationship', 'san francisco, california', 'remake', 'firefighter', 'sexologist', 'candid', 'anxious', 'exuberant', 'neighbors']",107.0,56.0014,7.272,401.0,https://image.tmdb.org/t/p/w500/b7Dr8Chzse8VagexAporUu2RtLx.jpg,True
Meru,2015,4.0,,318279.0,Meru,Meru,2015-01-25,"Meru is the electrifying story of three elite American climbers—Conrad Anker, Jimmy Chin, and Renan Ozturk—bent on achieving the impossible.","['Adventure', 'Documentary']",Jimmy Chin,"['Conrad Anker', 'Jimmy Chin', 'Renan Öztürk', 'Jon Krakauer', 'Jenni Lowe-Anker']","['himalaya mountain range', 'based on true story', 'climbing', 'india', 'mountain climbing', 'mountaineering', 'woman director', 'rock climbing', 'alpinism', 'alpine climbing']",89.0,2.0756,7.41,266.0,https://image.tmdb.org/t/p/w500/hcGQ5KHcs7vwK1dXsPoKYQQTt3q.jpg,True
A History of Violence,2005,3.5,,59.0,A History of Violence,A History of Violence,2005-09-23,An average family is thrust into the spotlight after the father commits a seemingly self-defense murder at his diner.,"['Drama', 'Thriller', 'Crime']",David Cronenberg,"['Viggo Mortensen', 'Maria Bello', 'Ed Harris', 'William Hurt', 'Ashton Holmes']","['small town', 'hero', 'robbery', 'indiana, usa', 'distrust', 'philadelphia, pennsylvania', 'dual identity', 'double life', 'fight', 'identity', 'self-defense', 'marriage', 'diner', 'mistaken identity', 'family relationships', 'irish mob', 'revenge', 'mobster', 'lawyer', 'attempted robbery', 'based on graphic novel']",96.0,9.9964,7.168,3852.0,https://image.tmdb.org/t/p/w500/rrc6GiAKHDrUjp8OmdVng9hRWBn.jpg,True
